,Timestamp,Motion
0,1610172121,0
1,1610174287,1
2,1610174295,0
3,1610174299,1
4,1610174304,0
5,1610174325,1
6,1610174355,0
7,1610174357,1
8,1610174385,0
9,1610174537,1
10,1610174558,0
11,1610174562,1
12,1610174590,0
13,1610174592,1
14,1610174607,0
15,1610174628,1
16,1610174642,0
17,1610174650,1
18,1610174665,0
19,1610174666,1
20,1610174670,0
21,1610174671,1
22,1610174703,0
23,1610174733,1
24,1610174738,0
25,1610174745,1
26,1610174749,0
27,1610174764,1
28,1610174766,0
29,1610174791,1
30,1610174794,0
31,1610174883,1
32,1610174887,0
33,1610174909,1
34,1610174918,0
35,1610174928,1
36,1610174931,0
37,1610174999,1
38,1610175003,0
39,1610175044,1
40,1610175047,0
41,1610175049,1
42,1610175054,0
43,1610175072,1
44,1610175074,0
45,1610175089,1
46,1610175092,0
47,1610175116,1
48,1610175120,0
49,1610175176,1
50,1610175179,0
51,1610175307,1
52,1610175311,0
53,1610175346,1
54,1610175349,0
55,1610175363,1
56,1610175367,0
57,1610175377,1
58,1610175382,0
59,1610175496,1
60,1610175500,0
61,1610175502,1
62,1610175514,0
63,1610175516,1
64,1610175522,0
65,1610175526,1
66,1610175555,0
67,1610175559,1
68,1610175568,0
69,1610175579,1
70,1610175585,0
71,1610175618,1
72,1610175631,0
73,1610175643,1
74,1610175646,0
75,1610175647,1
76,1610175650,0
77,1610175655,1
78,1610175659,0
79,1610175668,1
80,1610175672,0
81,1610175674,1
82,1610175678,0
83,1610175681,1
84,1610175691,0
85,1610175699,1
86,1610175714,0
87,1610175731,1
88,1610175741,0
89,1610175744,1
90,1610175759,0
91,1610175764,1
92,1610175769,0
93,1610175788,1
94,1610175792,0
95,1610175792,1
96,1610175799,0
97,1610175816,1
98,1610175820,0
99,1610175827,1
100,1610175836,0
101,1610175844,1
102,1610175849,0
103,1610175868,1
104,1610175875,0
105,1610175880,1
106,1610175887,0
107,1610175918,1
108,1610175927,0
109,1610175939,1
110,1610175942,0
111,1610175954,1
112,1610175960,0
113,1610175962,1
114,1610175970,0
115,1610175974,1
116,1610175977,0
117,1610176019,1
118,1610176023,0
119,1610176023,1
120,1610176029,0
121,1610176029,1
122,1610176037,0
123,1610176046,1
124,1610176052,0
125,1610176072,1
126,1610176076,0
127,1610176077,1
128,1610176083,0
129,1610176087,1
130,1610176094,0
131,1610176106,1
132,1610176111,0
133,1610176122,1
134,1610176127,0
135,1610176133,1
136,1610176137,0
137,1610176154,1
138,1610176157,0
139,1610176175,1
140,1610176178,0
141,1610176186,1
142,1610176193,0
143,1610176199,1
144,1610176205,0
145,1610176217,1
146,1610176220,0
147,1610176222,1
148,1610176225,0
149,1610176226,1
150,1610176230,0
151,1610176238,1
152,1610176242,0
153,1610176316,1
154,1610176320,0
155,1610176383,1
156,1610176390,0
157,1610176395,1
158,1610176401,0
159,1610176407,1
160,1610176416,0
161,1610176417,1
162,1610176421,0
163,1610176456,1
164,1610176459,0
165,1610176580,1
166,1610176584,0
167,1610176585,1
168,1610176589,0
169,1610176593,1
170,1610176598,0
171,1610176608,1
172,1610176624,0
173,1610176639,1
174,1610176644,0
175,1610178237,1
176,1610178241,0
177,1610178481,1
178,1610178489,0
179,1610178495,1
180,1610178499,0
181,1610178531,1
182,1610178534,0
183,1610178537,1
184,1610178542,0
185,1610178544,1
186,1610178547,0
187,1610178548,1
188,1610178553,0
189,1610178557,1
190,1610178569,0
191,1610178573,1
192,1610178587,0
193,1610178598,1
194,1610178616,0
195,1610178659,1
196,1610178665,0
197,1610178676,1
198,1610178686,0
199,1610178688,1
200,1610178696,0
201,1610178697,1
202,1610178704,0
203,1610178708,1
204,1610178711,0
205,1610178722,1
206,1610178731,0
207,1610178731,1
208,1610178737,0
209,1610178739,1
210,1610178747,0
211,1610178749,1
212,1610178754,0
213,1610178772,1
214,1610178785,0
215,1610178788,1
216,1610178791,0
217,1610178794,1
218,1610178799,0
219,1610178828,1
220,1610178838,0
221,1610178845,1
222,1610178849,0
223,1610178853,1
224,1610178857,0
225,1610178861,1
226,1610178868,0
227,1610178872,1
228,1610178876,0
229,1610178882,1
230,1610178889,0
231,1610178897,1
232,1610178902,0
233,1610178903,1
234,1610178911,0
235,1610178932,1
236,1610178940,0
237,1610178940,1
238,1610178944,0
239,1610178948,1
240,1610178952,0
241,1610178975,1
242,1610178987,0
243,1610178991,1
244,1610178998,0
245,1610179010,1
246,1610179012,0
247,1610179013,1
248,1610179019,0
249,1610179023,1
250,1610179033,0
251,1610179036,1
252,1610179042,0
253,1610179044,1
254,1610179047,0
255,1610179050,1
256,1610179054,0
257,1610179082,1
258,1610179086,0
259,1610179092,1
260,1610179101,0
261,1610179142,1
262,1610179146,0
263,1610179147,1
264,1610179151,0
265,1610179152,1
266,1610179156,0
267,1610179161,1
268,1610179166,0
269,1610179195,1
270,1610179197,0
271,1610179198,1
272,1610179207,0
273,1610179209,1
274,1610179213,0
275,1610179217,1
276,1610179219,0
277,1610179361,1
278,1610179371,0
279,1610179396,1
280,1610179404,0
281,1610179657,1
282,1610179674,0
283,1610179718,1
284,1610179722,0
285,1610179728,1
286,1610179732,0
287,1610179741,1
288,1610179745,0
289,1610179746,1
290,1610179751,0
291,1610179778,1
292,1610179797,0
293,1610179798,1
294,1610179804,0
295,1610179805,1
296,1610179815,0
297,1610179824,1
298,1610179830,0
299,1610179872,1
300,1610179876,0
301,1610179890,1
302,1610179904,0
303,1610179908,1
304,1610179912,0
305,1610179927,1
306,1610179930,0
307,1610179931,1
308,1610179937,0
309,1610179940,1
310,1610179947,0
311,1610179951,1
312,1610179960,0
313,1610179966,1
314,1610179971,0
315,1610180032,1
316,1610180038,0
317,1610180044,1
318,1610180052,0
319,1610180058,1
320,1610180071,0
321,1610180154,1
322,1610180157,0
323,1610180158,1
324,1610180173,0
325,1610180177,1
326,1610180191,0
327,1610180226,1
328,1610180229,0
329,1610180263,1
330,1610180276,0
331,1610180280,1
332,1610180286,0
333,1610180302,1
334,1610180310,0
335,1610180316,1
336,1610180323,0
337,1610180327,1
338,1610180331,0
339,1610180335,1
340,1610180360,0
341,1610180361,1
342,1610180367,0
343,1610180380,1
344,1610180401,0
345,1610180402,1
346,1610180409,0
347,1610180416,1
348,1610180425,0
349,1610180427,1
350,1610180438,0
351,1610180449,1
352,1610180463,0
353,1610180466,1
354,1610180484,0
355,1610180504,1
356,1610180507,0
357,1610180509,1
358,1610180515,0
359,1610180539,1
360,1610180544,0
361,1610180545,1
362,1610180551,0
363,1610180621,1
364,1610180626,0
365,1610180670,1
366,1610180674,0
367,1610180682,1
368,1610180686,0
369,1610180695,1
370,1610180699,0
371,1610180750,1
372,1610180757,0
373,1610180765,1
374,1610180769,0
375,1610180769,1
376,1610180779,0
377,1610180786,1
378,1610180790,0
379,1610180790,1
380,1610180794,0
381,1610180810,1
382,1610180817,0
383,1610180820,1
384,1610180824,0
385,1610180828,1
386,1610180835,0
387,1610180848,1
388,1610180851,0
389,1610180862,1
390,1610180875,0
391,1610180893,1
392,1610180896,0
393,1610180898,1
394,1610180901,0
395,1610180964,1
396,1610180967,0
397,1610180986,1
398,1610180993,0
399,1610180999,1
400,1610181008,0
401,1610181069,1
402,1610181077,0
403,1610181082,1
404,1610181085,0
405,1610181086,1
406,1610181099,0
407,1610181108,1
408,1610181116,0
409,1610181117,1
410,1610181130,0
411,1610181185,1
412,1610181188,0
413,1610181202,1
414,1610181208,0
415,1610181210,1
416,1610181214,0
417,1610181215,1
418,1610181219,0
419,1610181270,1
420,1610181277,0
421,1610181498,1
422,1610181503,0
423,1610181836,1
424,1610181840,0
425,1610181891,1
426,1610181895,0
427,1610181897,1
428,1610181903,0
429,1610181905,1
430,1610181911,0
431,1610181916,1
432,1610181925,0
433,1610182035,1
434,1610182039,0
435,1610182040,1
436,1610182045,0
437,1610182066,1
438,1610182072,0
439,1610182076,1
440,1610182091,0
441,1610182095,1
442,1610182103,0
443,1610182108,1
444,1610182112,0
445,1610182129,1
446,1610182135,0
447,1610182147,1
448,1610182167,0
449,1610182171,1
450,1610182203,0
451,1610182205,1
452,1610182209,0
453,1610182227,1
454,1610182231,0
455,1610182250,1
456,1610182268,0
457,1610182278,1
458,1610182282,0
459,1610182285,1
460,1610182293,0
461,1610182294,1
462,1610182306,0
463,1610182318,1
464,1610182329,0
465,1610182332,1
466,1610182335,0
467,1610182336,1
468,1610182339,0
469,1610182341,1
470,1610182352,0
471,1610182393,1
472,1610182398,0
473,1610182429,1
474,1610182432,0
475,1610182458,1
476,1610182461,0
477,1610182462,1
478,1610182468,0
479,1610182481,1
480,1610182486,0
481,1610182487,1
482,1610182500,0
483,1610182502,1
484,1610182505,0
485,1610182515,1
486,1610182519,0
487,1610182521,1
488,1610182538,0
489,1610182544,1
490,1610182548,0
491,1610182548,1
492,1610182559,0
493,1610182563,1
494,1610182571,0
495,1610182572,1
496,1610182579,0
497,1610182580,1
498,1610182585,0
499,1610182593,1
500,1610182608,0
501,1610182616,1
502,1610182627,0
503,1610182632,1
504,1610182639,0
505,1610182645,1
506,1610182653,0
507,1610182655,1
508,1610182666,0
509,1610182668,1
510,1610182671,0
511,1610182672,1
512,1610182684,0
513,1610182685,1
514,1610182693,0
515,1610182717,1
516,1610182723,0
517,1610182784,1
518,1610182786,0
519,1610182824,1
520,1610182829,0
521,1610182832,1
522,1610182842,0
523,1610182845,1
524,1610182854,0
525,1610182855,1
526,1610182861,0
527,1610182862,1
528,1610182868,0
529,1610182872,1
530,1610182876,0
531,1610182883,1
532,1610182889,0
533,1610182896,1
534,1610182899,0
535,1610182914,1
536,1610182924,0
537,1610182942,1
538,1610182952,0
539,1610182956,1
540,1610182964,0
541,1610182965,1
542,1610182970,0
543,1610182971,1
544,1610182979,0
545,1610182980,1
546,1610182984,0
547,1610182995,1
548,1610183000,0
549,1610183021,1
550,1610183031,0
551,1610183034,1
552,1610183040,0
553,1610183066,1
554,1610183073,0
555,1610183079,1
556,1610183083,0
557,1610183140,1
558,1610183148,0
559,1610183150,1
560,1610183156,0
561,1610183157,1
562,1610183161,0
563,1610183162,1
564,1610183169,0
565,1610183171,1
566,1610183199,0
567,1610183206,1
568,1610183217,0
569,1610183218,1
570,1610183231,0
571,1610183233,1
572,1610183240,0
573,1610183246,1
574,1610183263,0
575,1610183267,1
576,1610183276,0
577,1610183276,1
578,1610183280,0
579,1610183309,1
580,1610183313,0
581,1610183315,1
582,1610183321,0
583,1610183322,1
584,1610183328,0
585,1610183334,1
586,1610183337,0
587,1610183340,1
588,1610183353,0
589,1610183357,1
590,1610183363,0
591,1610183384,1
592,1610183388,0
593,1610183393,1
594,1610183400,0
595,1610183400,1
596,1610183405,0
597,1610183406,1
598,1610183410,0
599,1610183425,1
600,1610183431,0
601,1610183434,1
602,1610183440,0
603,1610183452,1
604,1610183470,0
605,1610183472,1
606,1610183477,0
607,1610183484,1
608,1610183486,0
609,1610183499,1
610,1610183504,0
611,1610183532,1
612,1610183536,0
613,1610183543,1
614,1610183547,0
615,1610183549,1
616,1610183552,0
617,1610183560,1
618,1610183564,0
619,1610183567,1
620,1610183575,0
621,1610183580,1
622,1610183584,0
623,1610183680,1
624,1610183689,0
625,1610183690,1
626,1610183699,0
627,1610183710,1
628,1610183714,0
629,1610183726,1
630,1610183740,0
631,1610183742,1
632,1610183745,0
633,1610183759,1
634,1610183767,0
635,1610183768,1
636,1610183772,0
637,1610183781,1
638,1610183795,0
639,1610183876,1
640,1610183882,0
641,1610187139,1
642,1610187144,0
643,1610187150,1
644,1610187155,0
645,1610187184,1
646,1610187188,0
647,1610187202,1
648,1610187206,0
649,1610187228,1
650,1610187234,0
651,1610187262,1
652,1610187267,0
653,1610187276,1
654,1610187286,0
655,1610187328,1
656,1610187331,0
657,1610187360,1
658,1610187369,0
659,1610187386,1
660,1610187408,0
661,1610187412,1
662,1610187418,0
663,1610187437,1
664,1610187443,0
665,1610187456,1
666,1610187463,0
667,1610187464,1
668,1610187472,0
669,1610187479,1
670,1610187492,0
671,1610187529,1
672,1610187533,0
673,1610187548,1
674,1610187552,0
675,1610187554,1
676,1610187557,0
677,1610187579,1
678,1610187600,0
679,1610187606,1
680,1610187615,0
681,1610187624,1
682,1610187629,0
683,1610187631,1
684,1610187636,0
685,1610187638,1
686,1610187650,0
687,1610187669,1
688,1610187673,0
689,1610187675,1
690,1610187681,0
691,1610187690,1
692,1610187695,0
693,1610187700,1
694,1610187704,0
695,1610187704,1
696,1610187722,0
697,1610187731,1
698,1610187735,0
699,1610187748,1
700,1610187751,0
701,1610187753,1
702,1610187758,0
703,1610187775,1
704,1610187778,0
705,1610187986,1
706,1610188016,0
707,1610188044,1
708,1610188052,0
709,1610188054,1
710,1610188110,0
711,1610188111,1
712,1610188117,0
713,1610188121,1
714,1610188125,0
715,1610188134,1
716,1610188144,0
717,1610188148,1
718,1610188154,0
719,1610188156,1
720,1610188161,0
721,1610188199,1
722,1610188202,0
723,1610188203,1
724,1610188208,0
725,1610188214,1
726,1610188234,0
727,1610188237,1
728,1610188245,0
729,1610188251,1
730,1610188262,0
731,1610188265,1
732,1610188269,0
733,1610188289,1
734,1610188295,0
735,1610188297,1
736,1610188302,0
737,1610188309,1
738,1610188315,0
739,1610188332,1
740,1610188336,0
741,1610188336,1
742,1610188346,0
743,1610188357,1
744,1610188378,0
745,1610188379,1
746,1610188386,0
747,1610188403,1
748,1610188411,0
749,1610188422,1
750,1610188434,0
751,1610188434,1
752,1610188438,0
753,1610188439,1
754,1610188444,0
755,1610188444,1
756,1610188447,0
757,1610188457,1
758,1610188475,0
759,1610188488,1
760,1610188505,0
761,1610188508,1
762,1610188519,0
763,1610188524,1
764,1610188527,0
765,1610188531,1
766,1610188537,0
767,1610188544,1
768,1610188547,0
769,1610188549,1
770,1610188553,0
771,1610188556,1
772,1610188562,0
773,1610188569,1
774,1610188572,0
775,1610188573,1
776,1610188602,0
777,1610188606,1
778,1610188615,0
779,1610188616,1
780,1610188619,0
781,1610188625,1
782,1610188650,0
783,1610188654,1
784,1610188667,0
785,1610188670,1
786,1610188687,0
787,1610188692,1
788,1610188707,0
789,1610188712,1
790,1610188725,0
791,1610188727,1
792,1610188733,0
793,1610188736,1
794,1610188741,0
795,1610188745,1
796,1610188751,0
797,1610188789,1
798,1610188795,0
799,1610188836,1
800,1610188848,0
801,1610188985,1
802,1610188997,0
803,1610189096,1
804,1610189103,0
805,1610189662,1
806,1610189647,0
807,1610189779,1
808,1610189783,0
809,1610190595,1
810,1610190605,0
811,1610190605,1
812,1610190610,0
813,1610190636,1
814,1610190640,0
815,1610190680,1
816,1610190687,0
817,1610190689,1
818,1610190696,0
819,1610190697,1
820,1610190705,0
821,1610190707,1
822,1610190719,0
823,1610190725,1
824,1610190739,0
825,1610190742,1
826,1610190747,0
827,1610190753,1
828,1610190757,0
829,1610190761,1
830,1610190772,0
831,1610190774,1
832,1610190778,0
833,1610190799,1
834,1610190811,0
835,1610190826,1
836,1610190834,0
837,1610190841,1
838,1610190853,0
839,1610190859,1
840,1610190867,0
841,1610190887,1
842,1610190892,0
843,1610190894,1
844,1610190897,0
845,1610190930,1
846,1610190932,0
847,1610190933,1
848,1610190936,0
849,1610190937,1
850,1610190942,0
851,1610190966,1
852,1610190970,0
853,1610190971,1
854,1610190976,0
855,1610190976,1
856,1610190985,0
857,1610190992,1
858,1610190996,0
859,1610190999,1
860,1610191012,0
861,1610191012,1
862,1610191016,0
863,1610191027,1
864,1610191033,0
865,1610191036,1
866,1610191051,0
867,1610191057,1
868,1610191074,0
869,1610191081,1
870,1610191084,0
871,1610191086,1
872,1610191096,0
873,1610191104,1
874,1610191108,0
875,1610191135,1
876,1610191139,0
877,1610191139,1
878,1610191148,0
879,1610191149,1
880,1610191158,0
881,1610191162,1
882,1610191180,0
883,1610191184,1
884,1610191187,0
885,1610191198,1
886,1610191203,0
887,1610191206,1
888,1610191211,0
889,1610191211,1
890,1610191216,0
891,1610191227,1
892,1610191232,0
893,1610191236,1
894,1610191239,0
895,1610191245,1
896,1610191250,0
897,1610191251,1
898,1610191255,0
899,1610191264,1
900,1610191269,0
901,1610191270,1
902,1610191283,0
903,1610191285,1
904,1610191319,0
905,1610191337,1
906,1610191341,0
907,1610191347,1
908,1610191353,0
909,1610191369,1
910,1610191373,0
911,1610191382,1
912,1610191386,0
913,1610191395,1
914,1610191411,0
915,1610191412,1
916,1610191416,0
917,1610191420,1
918,1610191438,0
919,1610191458,1
920,1610191480,0
921,1610191485,1
922,1610191493,0
923,1610191506,1
924,1610191514,0
925,1610191518,1
926,1610191524,0
927,1610191534,1
928,1610191554,0
929,1610191555,1
930,1610191573,0
931,1610191574,1
932,1610191581,0
933,1610191582,1
934,1610191586,0
935,1610191592,1
936,1610191596,0
937,1610191601,1
938,1610191614,0
939,1610191624,1
940,1610191629,0
941,1610191656,1
942,1610191665,0
943,1610191675,1
944,1610191679,0
945,1610191679,1
946,1610191685,0
947,1610191699,1
948,1610191708,0
949,1610191709,1
950,1610191746,0
951,1610191755,1
952,1610191757,0
953,1610191774,1
954,1610191791,0
955,1610191804,1
956,1610191809,0
957,1610191810,1
958,1610191824,0
959,1610191826,1
960,1610191829,0
961,1610191830,1
962,1610191834,0
963,1610191845,1
964,1610191849,0
965,1610191852,1
966,1610191855,0
967,1610191861,1
968,1610191865,0
969,1610191869,1
970,1610191876,0
971,1610191883,1
972,1610191886,0
973,1610191887,1
974,1610191893,0
975,1610191898,1
976,1610191904,0
977,1610191910,1
978,1610191913,0
979,1610191919,1
980,1610191930,0
981,1610191931,1
982,1610191939,0
983,1610191951,1
984,1610191959,0
985,1610191962,1
986,1610191967,0
987,1610191968,1
988,1610191977,0
989,1610191978,1
990,1610191986,0
991,1610191995,1
992,1610192017,0
993,1610192021,1
994,1610192050,0
995,1610192051,1
996,1610192055,0
997,1610192057,1
998,1610192066,0
999,1610192066,1
1000,1610192077,0
1001,1610192080,1
1002,1610192088,0
1003,1610192089,1
1004,1610192094,0
1005,1610192098,1
1006,1610192102,0
1007,1610192110,1
1008,1610192118,0
1009,1610192118,1
1010,1610192136,0
1011,1610192139,1
1012,1610192143,0
1013,1610192161,1
1014,1610192168,0
1015,1610192169,1
1016,1610192173,0
1017,1610192187,1
1018,1610192196,0
1019,1610192199,1
1020,1610192205,0
1021,1610192206,1
1022,1610192210,0
1023,1610192216,1
1024,1610192225,0
1025,1610192240,1
1026,1610192243,0
1027,1610192255,1
1028,1610192271,0
1029,1610192376,1
1030,1610192378,0
1031,1610192402,1
1032,1610192406,0
1033,1610192469,1
1034,1610192496,0
1035,1610192497,1
1036,1610192508,0
1037,1610192515,1
1038,1610192524,0
1039,1610192530,1
1040,1610192540,0
1041,1610192541,1
1042,1610192545,0
1043,1610192550,1
1044,1610192553,0
1045,1610192554,1
1046,1610192559,0
1047,1610192578,1
1048,1610192582,0
1049,1610192585,1
1050,1610192590,0
1051,1610192591,1
1052,1610192595,0
1053,1610192597,1
1054,1610192613,0
1055,1610192615,1
1056,1610192620,0
1057,1610192636,1
1058,1610192663,0
1059,1610192664,1
1060,1610192679,0
1061,1610192680,1
1062,1610192684,0
1063,1610192686,1
1064,1610192688,0
1065,1610192701,1
1066,1610192707,0
1067,1610192816,1
1068,1610192819,0
1069,1610192830,1
1070,1610192834,0
1071,1610192834,1
1072,1610192839,0
1073,1610192843,1
1074,1610192849,0
1075,1610192856,1
1076,1610192874,0
1077,1610192876,1
1078,1610192887,0
1079,1610192896,1
1080,1610192903,0
1081,1610192905,1
1082,1610192908,0
1083,1610192920,1
1084,1610192930,0
1085,1610192931,1
1086,1610192935,0
1087,1610192943,1
1088,1610192954,0
1089,1610192973,1
1090,1610192978,0
1091,1610192985,1
1092,1610192987,0
1093,1610193017,1
1094,1610193021,0
1095,1610193046,1
1096,1610193059,0
1097,1610193061,1
1098,1610193068,0
1099,1610193069,1
1100,1610193079,0
1101,1610193083,1
1102,1610193088,0
1103,1610193090,1
1104,1610193093,0
1105,1610193099,1
1106,1610193103,0
1107,1610193113,1
1108,1610193116,0
1109,1610193136,1
1110,1610193139,0
1111,1610193164,1
1112,1610193172,0
1113,1610193186,1
1114,1610193203,0
1115,1610193204,1
1116,1610193238,0
1117,1610193250,1
1118,1610193255,0
1119,1610193271,1
1120,1610193286,0
1121,1610193288,1
1122,1610193291,0
1123,1610193293,1
1124,1610193298,0
1125,1610193302,1
1126,1610193314,0
1127,1610193318,1
1128,1610193322,0
1129,1610193355,1
1130,1610193360,0
1131,1610193360,1
1132,1610193365,0
1133,1610193376,1
1134,1610193382,0
1135,1610193389,1
1136,1610193404,0
1137,1610193403,1
1138,1610193416,0
1139,1610193417,1
1140,1610193424,0
1141,1610193424,1
1142,1610193429,0
1143,1610193432,1
1144,1610193442,0
1145,1610193443,1
1146,1610193449,0
1147,1610193454,1
1148,1610193463,0
1149,1610193464,1
1150,1610193473,0
1151,1610193474,1
1152,1610193498,0
1153,1610193498,1
1154,1610193502,0
1155,1610193503,1
1156,1610193509,0
1157,1610193522,1
1158,1610193536,0
1159,1610193542,1
1160,1610193561,0
1161,1610193570,1
1162,1610193576,0
1163,1610193584,1
1164,1610193589,0
1165,1610193590,1
1166,1610193595,0
1167,1610193595,1
1168,1610193609,0
1169,1610193660,1
1170,1610193665,0
1171,1610193719,1
1172,1610193739,0
1173,1610193742,1
1174,1610193749,0
1175,1610193767,1
1176,1610193775,0
1177,1610193789,1
1178,1610193792,0
1179,1610193799,1
1180,1610193805,0
1181,1610193844,1
1182,1610193847,0
1183,1610193853,1
1184,1610193863,0
1185,1610193883,1
1186,1610193890,0
1187,1610193904,1
1188,1610193907,0
1189,1610193912,1
1190,1610193913,0
1191,1610193914,1
1192,1610193917,0
1193,1610193974,1
1194,1610193983,0
1195,1610193984,1
1196,1610193988,0
1197,1610193992,1
1198,1610194000,0
1199,1610194016,1
1200,1610194020,0
1201,1610194027,1
1202,1610194043,0
1203,1610194065,1
1204,1610194071,0
1205,1610194095,1
1206,1610194101,0
1207,1610194129,1
1208,1610194133,0
1209,1610194156,1
1210,1610194181,0
1211,1610194183,1
1212,1610194188,0
1213,1610194189,1
1214,1610194196,0
1215,1610194198,1
1216,1610194206,0
1217,1610194208,1
1218,1610194223,0
1219,1610194225,1
1220,1610194247,0
1221,1610194256,1
1222,1610194267,0
1223,1610194294,1
1224,1610194298,0
1225,1610194307,1
1226,1610194314,0
1227,1610194344,1
1228,1610194350,0
1229,1610194355,1
1230,1610194364,0
1231,1610194370,1
1232,1610194373,0
1233,1610194377,1
1234,1610194380,0
1235,1610194384,1
1236,1610194387,0
1237,1610194411,1
1238,1610194419,0
1239,1610194431,1
1240,1610194434,0
1241,1610194434,1
1242,1610194438,0
1243,1610194466,1
1244,1610194469,0
1245,1610194476,1
1246,1610194483,0
1247,1610194491,1
1248,1610194495,0
1249,1610194501,1
1250,1610194504,0
1251,1610194508,1
1252,1610194512,0
1253,1610194532,1
1254,1610194541,0
1255,1610194560,1
1256,1610194566,0
1257,1610194618,1
1258,1610194623,0
1259,1610194629,1
1260,1610194634,0
1261,1610194636,1
1262,1610194639,0
1263,1610194724,1
1264,1610194727,0
1265,1610194736,1
1266,1610194744,0
1267,1610194752,1
1268,1610194784,0
1269,1610194786,1
1270,1610194789,0
1271,1610194846,1
1272,1610194855,0
1273,1610194859,1
1274,1610194865,0
1275,1610194871,1
1276,1610194877,0
1277,1610194933,1
1278,1610194941,0
1279,1610194946,1
1280,1610194953,0
1281,1610194979,1
1282,1610194988,0
1283,1610195013,1
1284,1610195026,0
1285,1610195030,1
1286,1610195034,0
1287,1610195055,1
1288,1610195063,0
1289,1610195074,1
1290,1610195081,0
1291,1610195105,1
1292,1610195110,0
1293,1610195113,1
1294,1610195119,0
1295,1610195123,1
1296,1610195127,0
1297,1610195128,1
1298,1610195131,0
1299,1610195176,1
1300,1610195182,0
1301,1610195185,1
1302,1610195190,0
1303,1610195195,1
1304,1610195200,0
1305,1610195202,1
1306,1610195205,0
1307,1610195209,1
1308,1610195215,0
1309,1610195222,1
1310,1610195226,0
1311,1610195232,1
1312,1610195235,0
1313,1610195243,1
1314,1610195248,0
1315,1610195251,1
1316,1610195256,0
1317,1610195256,1
1318,1610195274,0
1319,1610195281,1
1320,1610195300,0
1321,1610195312,1
1322,1610195324,0
1323,1610195325,1
1324,1610195334,0
1325,1610195346,1
1326,1610195350,0
1327,1610195355,1
1328,1610195357,0
1329,1610195379,1
1330,1610195382,0
1331,1610195473,1
1332,1610195481,0
1333,1610195499,1
1334,1610195507,0
1335,1610195656,1
1336,1610195660,0
1337,1610196493,1
1338,1610196503,0
1339,1610196506,1
1340,1610196510,0
1341,1610196543,1
1342,1610196545,0
1343,1610196547,1
1344,1610196550,0
1345,1610196551,1
1346,1610196555,0
1347,1610196624,1
1348,1610196627,0
1349,1610196642,1
1350,1610196648,0
1351,1610196856,1
1352,1610196858,0
1353,1610196867,1
1354,1610196874,0
1355,1610196893,1
1356,1610196924,0
1357,1610196928,1
1358,1610196932,0
1359,1610196935,1
1360,1610196972,0
1361,1610197144,1
1362,1610197163,0
1363,1610197164,1
1364,1610197168,0
1365,1610197382,1
1366,1610197386,0
1367,1610197713,1
1368,1610197717,0
1369,1610197730,1
1370,1610197733,0
1371,1610197735,1
1372,1610197738,0
1373,1610197738,1
1374,1610197743,0
1375,1610197934,1
1376,1610197940,0
1377,1610197987,1
1378,1610197993,0
1379,1610198032,1
1380,1610198036,0
1381,1610198062,1
1382,1610198065,0
1383,1610198095,1
1384,1610198098,0
1385,1610198209,1
1386,1610198212,0
1387,1610198303,1
1388,1610198318,0
1389,1610198318,1
1390,1610198327,0
1391,1610198340,1
1392,1610198348,0
1393,1610198382,1
1394,1610198391,0
1395,1610198418,1
1396,1610198422,0
1397,1610198429,1
1398,1610198433,0
1399,1610198474,1
1400,1610198477,0
1401,1610198498,1
1402,1610198502,0
1403,1610198522,1
1404,1610198534,0
1405,1610198537,1
1406,1610198542,0
1407,1610198597,1
1408,1610198601,0
1409,1610198615,1
1410,1610198620,0
1411,1610198718,1
1412,1610198722,0
1413,1610198731,1
1414,1610198736,0
1415,1610198771,1
1416,1610198775,0
1417,1610198821,1
1418,1610198824,0
1419,1610198824,1
1420,1610198831,0
1421,1610198833,1
1422,1610198836,0
1423,1610198842,1
1424,1610198846,0
1425,1610198860,1
1426,1610198869,0
1427,1610198879,1
1428,1610198881,0
1429,1610198930,1
1430,1610198935,0
1431,1610198940,1
1432,1610198945,0
1433,1610198978,1
1434,1610198981,0
1435,1610199017,1
1436,1610199024,0
1437,1610199029,1
1438,1610199033,0
1439,1610199040,1
1440,1610199046,0
1441,1610199047,1
1442,1610199052,0
1443,1610199053,1
1444,1610199064,0
1445,1610199068,1
1446,1610199073,0
1447,1610199091,1
1448,1610199096,0
1449,1610199182,1
1450,1610199188,0
1451,1610199256,1
1452,1610199259,0
1453,1610199296,1
1454,1610199301,0
1455,1610199307,1
1456,1610199311,0
1457,1610199312,1
1458,1610199316,0
1459,1610199324,1
1460,1610199331,0
1461,1610199349,1
1462,1610199354,0
1463,1610199453,1
1464,1610199458,0
1465,1610199477,1
1466,1610199481,0
1467,1610199510,1
1468,1610199514,0
1469,1610199514,1
1470,1610199524,0
1471,1610199525,1
1472,1610199534,0
1473,1610199534,1
1474,1610199547,0
1475,1610199548,1
1476,1610199561,0
1477,1610199562,1
1478,1610199566,0
1479,1610199567,1
1480,1610199571,0
1481,1610199575,1
1482,1610199579,0
1483,1610199583,1
1484,1610199586,0
1485,1610199600,1
1486,1610199604,0
1487,1610199608,1
1488,1610199612,0
1489,1610199615,1
1490,1610199621,0
1491,1610199623,1
1492,1610199629,0
1493,1610199634,1
1494,1610199639,0
1495,1610199640,1
1496,1610199646,0
1497,1610199648,1
1498,1610199651,0
1499,1610199786,1
1500,1610199789,0
1501,1610199809,1
1502,1610199812,0
1503,1610199820,1
1504,1610199824,0
1505,1610199825,1
1506,1610199832,0
1507,1610199832,1
1508,1610199842,0
1509,1610199842,1
1510,1610199851,0
1511,1610199879,1
1512,1610199882,0
1513,1610199883,1
1514,1610199887,0
1515,1610199888,1
1516,1610199924,0
1517,1610199929,1
1518,1610199937,0
1519,1610199955,1
1520,1610199960,0
1521,1610199977,1
1522,1610200017,0
1523,1610200018,1
1524,1610200029,0
1525,1610200030,1
1526,1610200037,0
1527,1610200059,1
1528,1610200064,0
1529,1610200064,1
1530,1610200075,0
1531,1610200082,1
1532,1610200085,0
1533,1610200087,1
1534,1610200093,0
1535,1610200093,1
1536,1610200098,0
1537,1610200126,1
1538,1610200131,0
1539,1610200133,1
1540,1610200136,0
1541,1610200147,1
1542,1610200153,0
1543,1610200163,1
1544,1610200166,0
1545,1610200171,1
1546,1610200178,0
1547,1610200224,1
1548,1610200232,0
1549,1610200259,1
1550,1610200262,0
1551,1610200816,1
1552,1610200821,0
1553,1610200917,1
1554,1610200920,0
1555,1610201001,1
1556,1610201004,0
1557,1610201155,1
1558,1610201158,0
1559,1610201189,1
1560,1610201195,0
1561,1610201305,1
1562,1610201317,0
1563,1610201325,1
1564,1610201330,0
1565,1610201412,1
1566,1610201416,0
1567,1610201424,1
1568,1610201431,0
1569,1610201436,1
1570,1610201441,0
1571,1610201480,1
1572,1610201492,0
1573,1610201493,1
1574,1610201497,0
1575,1610201501,1
1576,1610201505,0
1577,1610201512,1
1578,1610201515,0
1579,1610201524,1
1580,1610201527,0
1581,1610201786,1
1582,1610201790,0
1583,1610201993,1
1584,1610201997,0
1585,1610202139,1
1586,1610202143,0
1587,1610202167,1
1588,1610202171,0
1589,1610202515,1
1590,1610202518,0
1591,1610202686,1
1592,1610202691,0
1593,1610202886,1
1594,1610202890,0
1595,1610202946,1
1596,1610202949,0
1597,1610203090,1
1598,1610203092,0
1599,1610203148,1
1600,1610203163,0
1601,1610203181,1
1602,1610203185,0
1603,1610203207,1
1604,1610203211,0
1605,1610203232,1
1606,1610203236,0
1607,1610203239,1
1608,1610203246,0
1609,1610203258,1
1610,1610203261,0
1611,1610203262,1
1612,1610203281,0
1613,1610203281,1
1614,1610203298,0
1615,1610203298,1
1616,1610203310,0
1617,1610203310,1
1618,1610203318,0
1619,1610203320,1
1620,1610203325,0
1621,1610203327,1
1622,1610203332,0
1623,1610203333,1
1624,1610203342,0
1625,1610203344,1
1626,1610203368,0
1627,1610203370,1
1628,1610203373,0
1629,1610203377,1
1630,1610203393,0
1631,1610203395,1
1632,1610203398,0
1633,1610203398,1
1634,1610203422,0
1635,1610203423,1
1636,1610203433,0
1637,1610203434,1
1638,1610203443,0
1639,1610203444,1
1640,1610203450,0
1641,1610203458,1
1642,1610203461,0
1643,1610203461,1
1644,1610203466,0
1645,1610203467,1
1646,1610203475,0
1647,1610203476,1
1648,1610203485,0
1649,1610203486,1
1650,1610203495,0
1651,1610203497,1
1652,1610203506,0
1653,1610203507,1
1654,1610203519,0
1655,1610203520,1
1656,1610203526,0
1657,1610203526,1
1658,1610203533,0
1659,1610203534,1
1660,1610203541,0
1661,1610203542,1
1662,1610203551,0
1663,1610203555,1
1664,1610203561,0
1665,1610203562,1
1666,1610203575,0
1667,1610203576,1
1668,1610203580,0
1669,1610203581,1
1670,1610203585,0
1671,1610203586,1
1672,1610203590,0
1673,1610203592,1
1674,1610203598,0
1675,1610203601,1
1676,1610203620,0
1677,1610203623,1
1678,1610203627,0
1679,1610203635,1
1680,1610203637,0
1681,1610203639,1
1682,1610203643,0
1683,1610203643,1
1684,1610203662,0
1685,1610203665,1
1686,1610203679,0
1687,1610203681,1
1688,1610203689,0
1689,1610203692,1
1690,1610203694,0
1691,1610203696,1
1692,1610203699,0
1693,1610203701,1
1694,1610203707,0
1695,1610203708,1
1696,1610203712,0
1697,1610203715,1
1698,1610203719,0
1699,1610203721,1
1700,1610203727,0
1701,1610203727,1
1702,1610203739,0
1703,1610203753,1
1704,1610203756,0
1705,1610203758,1
1706,1610203766,0
1707,1610203768,1
1708,1610203771,0
1709,1610203772,1
1710,1610203781,0
1711,1610203781,1
1712,1610203788,0
1713,1610203797,1
1714,1610203801,0
1715,1610203844,1
1716,1610203849,0
1717,1610203868,1
1718,1610203871,0
1719,1610203873,1
1720,1610203881,0
1721,1610203882,1
1722,1610203903,0
1723,1610203904,1
1724,1610203920,0
1725,1610203927,1
1726,1610203930,0
1727,1610203933,1
1728,1610203962,0
1729,1610203972,1
1730,1610203975,0
1731,1610203983,1
1732,1610203987,0
1733,1610204027,1
1734,1610204031,0
1735,1610204080,1
1736,1610204084,0
1737,1610204158,1
1738,1610204160,0
1739,1610204164,1
1740,1610204168,0
1741,1610204169,1
1742,1610204176,0
1743,1610204176,1
1744,1610204181,0
1745,1610205143,1
1746,1610205149,0
1747,1610205150,1
1748,1610205164,0
1749,1610205300,1
1750,1610205304,0
1751,1610205323,1
1752,1610205327,0
1753,1610205428,1
1754,1610205431,0
1755,1610205432,1
1756,1610205446,0
1757,1610205447,1
1758,1610205451,0
1759,1610205485,1
1760,1610205489,0
1761,1610205597,1
1762,1610205606,0
1763,1610205606,1
1764,1610205620,0
1765,1610205621,1
1766,1610205645,0
1767,1610205646,1
1768,1610205663,0
1769,1610205663,1
1770,1610205675,0
1771,1610205710,1
1772,1610205713,0
1773,1610205866,1
1774,1610205870,0
1775,1610205880,1
1776,1610205882,0
1777,1610205975,1
1778,1610205979,0
1779,1610205981,1
1780,1610205984,0
1781,1610206018,1
1782,1610206022,0
1783,1610206025,1
1784,1610206029,0
1785,1610206044,1
1786,1610206047,0
1787,1610206068,1
1788,1610206072,0
1789,1610206073,1
1790,1610206090,0
1791,1610206412,1
1792,1610206416,0
1793,1610206576,1
1794,1610206579,0
1795,1610206932,1
1796,1610206939,0
1797,1610206944,1
1798,1610206947,0
1799,1610207015,1
1800,1610207019,0
1801,1610207098,1
1802,1610207102,0
1803,1610207117,1
1804,1610207121,0
1805,1610207135,1
1806,1610207140,0
1807,1610207151,1
1808,1610207156,0
1809,1610207227,1
1810,1610207231,0
1811,1610207237,1
1812,1610207243,0
1813,1610207247,1
1814,1610207251,0
1815,1610207263,1
1816,1610207268,0
1817,1610207270,1
1818,1610207273,0
1819,1610207289,1
1820,1610207293,0
1821,1610207324,1
1822,1610207332,0
1823,1610207339,1
1824,1610207349,0
1825,1610207361,1
1826,1610207364,0
1827,1610207376,1
1828,1610207380,0
1829,1610207396,1
1830,1610207401,0
1831,1610207428,1
1832,1610207437,0
1833,1610207437,1
1834,1610207444,0
1835,1610207455,1
1836,1610207459,0
1837,1610207465,1
1838,1610207470,0
1839,1610207473,1
1840,1610207478,0
1841,1610207497,1
1842,1610207501,0
1843,1610207505,1
1844,1610207508,0
1845,1610207520,1
1846,1610207523,0
1847,1610207630,1
1848,1610207633,0
1849,1610207633,1
1850,1610207641,0
1851,1610207643,1
1852,1610207647,0
1853,1610207726,1
1854,1610207731,0
1855,1610207733,1
1856,1610207739,0
1857,1610207794,1
1858,1610207797,0
1859,1610207852,1
1860,1610207855,0
1861,1610207883,1
1862,1610207887,0
1863,1610207923,1
1864,1610207929,0
1865,1610208070,1
1866,1610208080,0
1867,1610208147,1
1868,1610208151,0
1869,1610208298,1
1870,1610208301,0
1871,1610208315,1
1872,1610208320,0
1873,1610208336,1
1874,1610208339,0
1875,1610208351,1
1876,1610208367,0
1877,1610208379,1
1878,1610208402,0
1879,1610208405,1
1880,1610208413,0
1881,1610208418,1
1882,1610208424,0
1883,1610208427,1
1884,1610208431,0
1885,1610208432,1
1886,1610208443,0
1887,1610208465,1
1888,1610208470,0
1889,1610208484,1
1890,1610208491,0
1891,1610208493,1
1892,1610208495,0
1893,1610208497,1
1894,1610208500,0
1895,1610208506,1
1896,1610208509,0
1897,1610208512,1
1898,1610208514,0
1899,1610208521,1
1900,1610208530,0
1901,1610208533,1
1902,1610208544,0
1903,1610208548,1
1904,1610208552,0
1905,1610208565,1
1906,1610208572,0
1907,1610208601,1
1908,1610208605,0
1909,1610208610,1
1910,1610208625,0
1911,1610208635,1
1912,1610208642,0
1913,1610208649,1
1914,1610208653,0
1915,1610208656,1
1916,1610208660,0
1917,1610208697,1
1918,1610208707,0
1919,1610208709,1
1920,1610208712,0
1921,1610208723,1
1922,1610208727,0
1923,1610208732,1
1924,1610208735,0
1925,1610208745,1
1926,1610208750,0
1927,1610208753,1
1928,1610208766,0
1929,1610208774,1
1930,1610208779,0
1931,1610208784,1
1932,1610208788,0
1933,1610208797,1
1934,1610208802,0
1935,1610208814,1
1936,1610208825,0
1937,1610208831,1
1938,1610208841,0
1939,1610208850,1
1940,1610208857,0
1941,1610208858,1
1942,1610208874,0
1943,1610208884,1
1944,1610208898,0
1945,1610208907,1
1946,1610208913,0
1947,1610208918,1
1948,1610208923,0
1949,1610208979,1
1950,1610209006,0
1951,1610209011,1
1952,1610209017,0
1953,1610209026,1
1954,1610209029,0
1955,1610209030,1
1956,1610209038,0
1957,1610209039,1
1958,1610209046,0
1959,1610209046,1
1960,1610209054,0
1961,1610209063,1
1962,1610209070,0
1963,1610209082,1
1964,1610209090,0
1965,1610209120,1
1966,1610209125,0
1967,1610209128,1
1968,1610209146,0
1969,1610209148,1
1970,1610209152,0
1971,1610209156,1
1972,1610209160,0
1973,1610209162,1
1974,1610209166,0
1975,1610209167,1
1976,1610209177,0
1977,1610209177,1
1978,1610209188,0
1979,1610209189,1
1980,1610209193,0
1981,1610209194,1
1982,1610209204,0
1983,1610209228,1
1984,1610209234,0
1985,1610209238,1
1986,1610209243,0
1987,1610209244,1
1988,1610209250,0
1989,1610209267,1
1990,1610209287,0
1991,1610209300,1
1992,1610209302,0
1993,1610209302,1
1994,1610209305,0
1995,1610209313,1
1996,1610209319,0
1997,1610209323,1
1998,1610209326,0
1999,1610209338,1
2000,1610209341,0
2001,1610209343,1
2002,1610209347,0
2003,1610209347,1
2004,1610209364,0
2005,1610209366,1
2006,1610209405,0
2007,1610209406,1
2008,1610209421,0
2009,1610209426,1
2010,1610209437,0
2011,1610209451,1
2012,1610209460,0
2013,1610209471,1
2014,1610209475,0
2015,1610209476,1
2016,1610209480,0
2017,1610209491,1
2018,1610209500,0
2019,1610209505,1
2020,1610209508,0
2021,1610209509,1
2022,1610209518,0
2023,1610209518,1
2024,1610209524,0
2025,1610209525,1
2026,1610209529,0
2027,1610209532,1
2028,1610209539,0
2029,1610209539,1
2030,1610209547,0
2031,1610209548,1
2032,1610209553,0
2033,1610209555,1
2034,1610209563,0
2035,1610209575,1
2036,1610209585,0
2037,1610209591,1
2038,1610209595,0
2039,1610209605,1
2040,1610209622,0
2041,1610209641,1
2042,1610209645,0
2043,1610209646,1
2044,1610209671,0
2045,1610209672,1
2046,1610209704,0
2047,1610209704,1
2048,1610209726,0
2049,1610209727,1
2050,1610209756,0
2051,1610209757,1
2052,1610209782,0
2053,1610209785,1
2054,1610209791,0
2055,1610209793,1
2056,1610209799,0
2057,1610209800,1
2058,1610209804,0
2059,1610209809,1
2060,1610209820,0
2061,1610209830,1
2062,1610209833,0
2063,1610209868,1
2064,1610209872,0
2065,1610209873,1
2066,1610209877,0
2067,1610209877,1
2068,1610209882,0
2069,1610209893,1
2070,1610209906,0
2071,1610209930,1
2072,1610209934,0
2073,1610209979,1
2074,1610209982,0
2075,1610209991,1
2076,1610209996,0
2077,1610210024,1
2078,1610210030,0
2079,1610210031,1
2080,1610210035,0
2081,1610210041,1
2082,1610210047,0
2083,1610210049,1
2084,1610210055,0
2085,1610210057,1
2086,1610210061,0
2087,1610210063,1
2088,1610210069,0
2089,1610210076,1
2090,1610210099,0
2091,1610210101,1
2092,1610210106,0
2093,1610210109,1
2094,1610210114,0
2095,1610210189,1
2096,1610210193,0
2097,1610210208,1
2098,1610210210,0
2099,1610210281,1
2100,1610210298,0
2101,1610210341,1
2102,1610210350,0
2103,1610210354,1
2104,1610210356,0
2105,1610210358,1
2106,1610210362,0
2107,1610210384,1
2108,1610210387,0
2109,1610210404,1
2110,1610210409,0
2111,1610210419,1
2112,1610210423,0
2113,1610210425,1
2114,1610210443,0
2115,1610210459,1
2116,1610210470,0
2117,1610210475,1
2118,1610210480,0
2119,1610210483,1
2120,1610210488,0
2121,1610210498,1
2122,1610210503,0
2123,1610210524,1
2124,1610210548,0
2125,1610210615,1
2126,1610210626,0
2127,1610210652,1
2128,1610210657,0
2129,1610210664,1
2130,1610210669,0
2131,1610210672,1
2132,1610210684,0
2133,1610210685,1
2134,1610210690,0
2135,1610210698,1
2136,1610210705,0
2137,1610210722,1
2138,1610210732,0
2139,1610210735,1
2140,1610210739,0
2141,1610210746,1
2142,1610210751,0
2143,1610210800,1
2144,1610210804,0
2145,1610210828,1
2146,1610210830,0
2147,1610210856,1
2148,1610210858,0
2149,1610210859,1
2150,1610210863,0
2151,1610210879,1
2152,1610210885,0
2153,1610210889,1
2154,1610210900,0
2155,1610210901,1
2156,1610210907,0
2157,1610210923,1
2158,1610210955,0
2159,1610210965,1
2160,1610210971,0
2161,1610210972,1
2162,1610210987,0
2163,1610210990,1
2164,1610211002,0
2165,1610211012,1
2166,1610211022,0
2167,1610211024,1
2168,1610211053,0
2169,1610211054,1
2170,1610211073,0
2171,1610211074,1
2172,1610211078,0
2173,1610211079,1
2174,1610211091,0
2175,1610211136,1
2176,1610211138,0
2177,1610211250,1
2178,1610211253,0
2179,1610211253,1
2180,1610211263,0
2181,1610211268,1
2182,1610211287,0
2183,1610211290,1
2184,1610211295,0
2185,1610211304,1
2186,1610211319,0
2187,1610211332,1
2188,1610211340,0
2189,1610211342,1
2190,1610211374,0
2191,1610211397,1
2192,1610211402,0
2193,1610211404,1
2194,1610211415,0
2195,1610211417,1
2196,1610211425,0
2197,1610211429,1
2198,1610211442,0
2199,1610211446,1
2200,1610211449,0
2201,1610211454,1
2202,1610211459,0
2203,1610211483,1
2204,1610211488,0
2205,1610211488,1
2206,1610211493,0
2207,1610211503,1
2208,1610211510,0
2209,1610211516,1
2210,1610211520,0
2211,1610211524,1
2212,1610211529,0
2213,1610211530,1
2214,1610211541,0
2215,1610211544,1
2216,1610211547,0
2217,1610211557,1
2218,1610211556,0
2219,1610211567,1
2220,1610211584,0
2221,1610211588,1
2222,1610211591,0
2223,1610211593,1
2224,1610211601,0
2225,1610211613,1
2226,1610211618,0
2227,1610211622,1
2228,1610211641,0
2229,1610211649,1
2230,1610211653,0
2231,1610211660,1
2232,1610211665,0
2233,1610211746,1
2234,1610211763,0
2235,1610211846,1
2236,1610211851,0
2237,1610211857,1
2238,1610211870,0
2239,1610211871,1
2240,1610211882,0
2241,1610211886,1
2242,1610211889,0
2243,1610211892,1
2244,1610211904,0
2245,1610211905,1
2246,1610211909,0
2247,1610211916,1
2248,1610211923,0
2249,1610211933,1
2250,1610211936,0
2251,1610211962,1
2252,1610211968,0
2253,1610211971,1
2254,1610211975,0
2255,1610211998,1
2256,1610212002,0
2257,1610212011,1
2258,1610212013,0
2259,1610212020,1
2260,1610212024,0
2261,1610212025,1
2262,1610212029,0
2263,1610212030,1
2264,1610212039,0
2265,1610212044,1
2266,1610212047,0
2267,1610212047,1
2268,1610212065,0
2269,1610212068,1
2270,1610212090,0
2271,1610212101,1
2272,1610212105,0
2273,1610212106,1
2274,1610212110,0
2275,1610212136,1
2276,1610212138,0
2277,1610212155,1
2278,1610212158,0
2279,1610212184,1
2280,1610212189,0
2281,1610212212,1
2282,1610212229,0
2283,1610212234,1
2284,1610212248,0
2285,1610212256,1
2286,1610212266,0
2287,1610212271,1
2288,1610212274,0
2289,1610212282,1
2290,1610212287,0
2291,1610212288,1
2292,1610212293,0
2293,1610212300,1
2294,1610212303,0
2295,1610212305,1
2296,1610212309,0
2297,1610212323,1
2298,1610212328,0
2299,1610212343,1
2300,1610212349,0
2301,1610212682,1
2302,1610212687,0
2303,1610212689,1
2304,1610212694,0
2305,1610214399,1
2306,1610214404,0
2307,1610214406,1
2308,1610214428,0
2309,1610214428,1
2310,1610214435,0
2311,1610214445,1
2312,1610214450,0
2313,1610214452,1
2314,1610214458,0
2315,1610214460,1
2316,1610214467,0
2317,1610214472,1
2318,1610214476,0
2319,1610214476,1
2320,1610214493,0
2321,1610214496,1
2322,1610214512,0
2323,1610214555,1
2324,1610214564,0
2325,1610214614,1
2326,1610214616,0
2327,1610214629,1
2328,1610214634,0
2329,1610214651,1
2330,1610214660,0
2331,1610214663,1
2332,1610214673,0
2333,1610214673,1
2334,1610214710,0
2335,1610214717,1
2336,1610214725,0
2337,1610214753,1
2338,1610214759,0
2339,1610214761,1
2340,1610214767,0
2341,1610214768,1
2342,1610214772,0
2343,1610214817,1
2344,1610214820,0
2345,1610214830,1
2346,1610214836,0
2347,1610214844,1
2348,1610214848,0
2349,1610214856,1
2350,1610214862,0
2351,1610214864,1
2352,1610214873,0
2353,1610214897,1
2354,1610214918,0
2355,1610214921,1
2356,1610214924,0
2357,1610214929,1
2358,1610214936,0
2359,1610214958,1
2360,1610214963,0
2361,1610214974,1
2362,1610214977,0
2363,1610214986,1
2364,1610214995,0
2365,1610215006,1
2366,1610215016,0
2367,1610215022,1
2368,1610215028,0
2369,1610215031,1
2370,1610215039,0
2371,1610215058,1
2372,1610215063,0
2373,1610215077,1
2374,1610215081,0
2375,1610215103,1
2376,1610215105,0
2377,1610215120,1
2378,1610215123,0
2379,1610215179,1
2380,1610215187,0
2381,1610215218,1
2382,1610215223,0
2383,1610215236,1
2384,1610215241,0
2385,1610215243,1
2386,1610215247,0
2387,1610215251,1
2388,1610215260,0
2389,1610215270,1
2390,1610215277,0
2391,1610215278,1
2392,1610215281,0
2393,1610215282,1
2394,1610215285,0
2395,1610215298,1
2396,1610215301,0
2397,1610215319,1
2398,1610215330,0
2399,1610215338,1
2400,1610215342,0
2401,1610215345,1
2402,1610215350,0
2403,1610215377,1
2404,1610215385,0
2405,1610215388,1
2406,1610215391,0
2407,1610215391,1
2408,1610215406,0
2409,1610215426,1
2410,1610215439,0
2411,1610215444,1
2412,1610215449,0
2413,1610215454,1
2414,1610215459,0
2415,1610215472,1
2416,1610215486,0
2417,1610215489,1
2418,1610215497,0
2419,1610215500,1
2420,1610215506,0
2421,1610215516,1
2422,1610215519,0
2423,1610215533,1
2424,1610215551,0
2425,1610215568,1
2426,1610215574,0
2427,1610215623,1
2428,1610215626,0
2429,1610215649,1
2430,1610215652,0
2431,1610215653,1
2432,1610215657,0
2433,1610215659,1
2434,1610215667,0
2435,1610215679,1
2436,1610215684,0
2437,1610216176,1
2438,1610216182,0
2439,1610216187,1
2440,1610216201,0
2441,1610216320,1
2442,1610216331,0
2443,1610216332,1
2444,1610216336,0
2445,1610216440,1
2446,1610216445,0
2447,1610216603,1
2448,1610216609,0
2449,1610216611,1
2450,1610216618,0
2451,1610216619,1
2452,1610216624,0
2453,1610216644,1
2454,1610216649,0
2455,1610216929,1
2456,1610216936,0
2457,1610216936,1
2458,1610216940,0
2459,1610216942,1
2460,1610216945,0
2461,1610216995,1
2462,1610216998,0
2463,1610217182,1
2464,1610217186,0
2465,1610217194,1
2466,1610217199,0
2467,1610217200,1
2468,1610217205,0
2469,1610217246,1
2470,1610217251,0
2471,1610217257,1
2472,1610217263,0
2473,1610217355,1
2474,1610217360,0
2475,1610217509,1
2476,1610217543,0
2477,1610217544,1
2478,1610217548,0
2479,1610217561,1
2480,1610172121,0
2481,1610174287,1
2482,1610174295,0
2483,1610174299,1
2484,1610174304,0
2485,1610174325,1
2486,1610174355,0
2487,1610174357,1
2488,1610174385,0
2489,1610174537,1
2490,1610174558,0
2491,1610174562,1
2492,1610174590,0
2493,1610174592,1
2494,1610174607,0
2495,1610174628,1
2496,1610174642,0
2497,1610174650,1
2498,1610174665,0
2499,1610174666,1
2500,1610174670,0
2501,1610174671,1
2502,1610174703,0
2503,1610174733,1
2504,1610174738,0
2505,1610174745,1
2506,1610174749,0
2507,1610174764,1
2508,1610174766,0
2509,1610174791,1
2510,1610174794,0
2511,1610174883,1
2512,1610174887,0
2513,1610174909,1
2514,1610174918,0
2515,1610174928,1
2516,1610174931,0
2517,1610174999,1
2518,1610175003,0
2519,1610175044,1
2520,1610175047,0
2521,1610175049,1
2522,1610175054,0
2523,1610175072,1
2524,1610175074,0
2525,1610175089,1
2526,1610175092,0
2527,1610175116,1
2528,1610175120,0
2529,1610175176,1
2530,1610175179,0
2531,1610175307,1
2532,1610175311,0
2533,1610175346,1
2534,1610175349,0
2535,1610175363,1
2536,1610175367,0
2537,1610175377,1
2538,1610175382,0
2539,1610175496,1
2540,1610175500,0
2541,1610175502,1
2542,1610175514,0
2543,1610175516,1
2544,1610175522,0
2545,1610175526,1
2546,1610175555,0
2547,1610175559,1
2548,1610175568,0
2549,1610175579,1
2550,1610175585,0
2551,1610175618,1
2552,1610175631,0
2553,1610175643,1
2554,1610175646,0
2555,1610175647,1
2556,1610175650,0
2557,1610175655,1
2558,1610175659,0
2559,1610175668,1
2560,1610175672,0
2561,1610175674,1
2562,1610175678,0
2563,1610175681,1
2564,1610175691,0
2565,1610175699,1
2566,1610175714,0
2567,1610175731,1
2568,1610175741,0
2569,1610175744,1
2570,1610175759,0
2571,1610175764,1
2572,1610175769,0
2573,1610175788,1
2574,1610175792,0
2575,1610175792,1
2576,1610175799,0
2577,1610175816,1
2578,1610175820,0
2579,1610175827,1
2580,1610175836,0
2581,1610175844,1
2582,1610175849,0
2583,1610175868,1
2584,1610175875,0
2585,1610175880,1
2586,1610175887,0
2587,1610175918,1
2588,1610175927,0
2589,1610175939,1
2590,1610175942,0
2591,1610175954,1
2592,1610175960,0
2593,1610175962,1
2594,1610175970,0
2595,1610175974,1
2596,1610175977,0
2597,1610176019,1
2598,1610176023,0
2599,1610176023,1
2600,1610176029,0
2601,1610176029,1
2602,1610176037,0
2603,1610176046,1
2604,1610176052,0
2605,1610176072,1
2606,1610176076,0
2607,1610176077,1
2608,1610176083,0
2609,1610176087,1
2610,1610176094,0
2611,1610176106,1
2612,1610176111,0
2613,1610176122,1
2614,1610176127,0
2615,1610176133,1
2616,1610176137,0
2617,1610176154,1
2618,1610176157,0
2619,1610176175,1
2620,1610176178,0
2621,1610176186,1
2622,1610176193,0
2623,1610176199,1
2624,1610176205,0
2625,1610176217,1
2626,1610176220,0
2627,1610176222,1
2628,1610176225,0
2629,1610176226,1
2630,1610176230,0
2631,1610176238,1
2632,1610176242,0
2633,1610176316,1
2634,1610176320,0
2635,1610176383,1
2636,1610176390,0
2637,1610176395,1
2638,1610176401,0
2639,1610176407,1
2640,1610176416,0
2641,1610176417,1
2642,1610176421,0
2643,1610176456,1
2644,1610176459,0
2645,1610176580,1
2646,1610176584,0
2647,1610176585,1
2648,1610176589,0
2649,1610176593,1
2650,1610176598,0
2651,1610176608,1
2652,1610176624,0
2653,1610176639,1
2654,1610176644,0
2655,1610178237,1
2656,1610178241,0
2657,1610178481,1
2658,1610178489,0
2659,1610178495,1
2660,1610178499,0
2661,1610178531,1
2662,1610178534,0
2663,1610178537,1
2664,1610178542,0
2665,1610178544,1
2666,1610178547,0
2667,1610178548,1
2668,1610178553,0
2669,1610178557,1
2670,1610178569,0
2671,1610178573,1
2672,1610178587,0
2673,1610178598,1
2674,1610178616,0
2675,1610178659,1
2676,1610178665,0
2677,1610178676,1
2678,1610178686,0
2679,1610178688,1
2680,1610178696,0
2681,1610178697,1
2682,1610178704,0
2683,1610178708,1
2684,1610178711,0
2685,1610178722,1
2686,1610178731,0
2687,1610178731,1
2688,1610178737,0
2689,1610178739,1
2690,1610178747,0
2691,1610178749,1
2692,1610178754,0
2693,1610178772,1
2694,1610178785,0
2695,1610178788,1
2696,1610178791,0
2697,1610178794,1
2698,1610178799,0
2699,1610178828,1
2700,1610178838,0
2701,1610178845,1
2702,1610178849,0
2703,1610178853,1
2704,1610178857,0
2705,1610178861,1
2706,1610178868,0
2707,1610178872,1
2708,1610178876,0
2709,1610178882,1
2710,1610178889,0
2711,1610178897,1
2712,1610178902,0
2713,1610178903,1
2714,1610178911,0
2715,1610178932,1
2716,1610178940,0
2717,1610178940,1
2718,1610178944,0
2719,1610178948,1
2720,1610178952,0
2721,1610178975,1
2722,1610178987,0
2723,1610178991,1
2724,1610178998,0
2725,1610179010,1
2726,1610179012,0
2727,1610179013,1
2728,1610179019,0
2729,1610179023,1
2730,1610179033,0
2731,1610179036,1
2732,1610179042,0
2733,1610179044,1
2734,1610179047,0
2735,1610179050,1
2736,1610179054,0
2737,1610179082,1
2738,1610179086,0
2739,1610179092,1
2740,1610179101,0
2741,1610179142,1
2742,1610179146,0
2743,1610179147,1
2744,1610179151,0
2745,1610179152,1
2746,1610179156,0
2747,1610179161,1
2748,1610179166,0
2749,1610179195,1
2750,1610179197,0
2751,1610179198,1
2752,1610179207,0
2753,1610179209,1
2754,1610179213,0
2755,1610179217,1
2756,1610179219,0
2757,1610179361,1
2758,1610179371,0
2759,1610179396,1
2760,1610179404,0
2761,1610179657,1
2762,1610179674,0
2763,1610179718,1
2764,1610179722,0
2765,1610179728,1
2766,1610179732,0
2767,1610179741,1
2768,1610179745,0
2769,1610179746,1
2770,1610179751,0
2771,1610179778,1
2772,1610179797,0
2773,1610179798,1
2774,1610179804,0
2775,1610179805,1
2776,1610179815,0
2777,1610179824,1
2778,1610179830,0
2779,1610179872,1
2780,1610179876,0
2781,1610179890,1
2782,1610179904,0
2783,1610179908,1
2784,1610179912,0
2785,1610179927,1
2786,1610179930,0
2787,1610179931,1
2788,1610179937,0
2789,1610179940,1
2790,1610179947,0
2791,1610179951,1
2792,1610179960,0
2793,1610179966,1
2794,1610179971,0
2795,1610180032,1
2796,1610180038,0
2797,1610180044,1
2798,1610180052,0
2799,1610180058,1
2800,1610180071,0
2801,1610180154,1
2802,1610180157,0
2803,1610180158,1
2804,1610180173,0
2805,1610180177,1
2806,1610180191,0
2807,1610180226,1
2808,1610180229,0
2809,1610180263,1
2810,1610180276,0
2811,1610180280,1
2812,1610180286,0
2813,1610180302,1
2814,1610180310,0
2815,1610180316,1
2816,1610180323,0
2817,1610180327,1
2818,1610180331,0
2819,1610180335,1
2820,1610180360,0
2821,1610180361,1
2822,1610180367,0
2823,1610180380,1
2824,1610180401,0
2825,1610180402,1
2826,1610180409,0
2827,1610180416,1
2828,1610180425,0
2829,1610180427,1
2830,1610180438,0
2831,1610180449,1
2832,1610180463,0
2833,1610180466,1
2834,1610180484,0
2835,1610180504,1
2836,1610180507,0
2837,1610180509,1
2838,1610180515,0
2839,1610180539,1
2840,1610180544,0
2841,1610180545,1
2842,1610180551,0
2843,1610180621,1
2844,1610180626,0
2845,1610180670,1
2846,1610180674,0
2847,1610180682,1
2848,1610180686,0
2849,1610180695,1
2850,1610180699,0
2851,1610180750,1
2852,1610180757,0
2853,1610180765,1
2854,1610180769,0
2855,1610180769,1
2856,1610180779,0
2857,1610180786,1
2858,1610180790,0
2859,1610180790,1
2860,1610180794,0
2861,1610180810,1
2862,1610180817,0
2863,1610180820,1
2864,1610180824,0
2865,1610180828,1
2866,1610180835,0
2867,1610180848,1
2868,1610180851,0
2869,1610180862,1
2870,1610180875,0
2871,1610180893,1
2872,1610180896,0
2873,1610180898,1
2874,1610180901,0
2875,1610180964,1
2876,1610180967,0
2877,1610180986,1
2878,1610180993,0
2879,1610180999,1
2880,1610181008,0
2881,1610181069,1
2882,1610181077,0
2883,1610181082,1
2884,1610181085,0
2885,1610181086,1
2886,1610181099,0
2887,1610181108,1
2888,1610181116,0
2889,1610181117,1
2890,1610181130,0
2891,1610181185,1
2892,1610181188,0
2893,1610181202,1
2894,1610181208,0
2895,1610181210,1
2896,1610181214,0
2897,1610181215,1
2898,1610181219,0
2899,1610181270,1
2900,1610181277,0
2901,1610181498,1
2902,1610181503,0
2903,1610181836,1
2904,1610181840,0
2905,1610181891,1
2906,1610181895,0
2907,1610181897,1
2908,1610181903,0
2909,1610181905,1
2910,1610181911,0
2911,1610181916,1
2912,1610181925,0
2913,1610182035,1
2914,1610182039,0
2915,1610182040,1
2916,1610182045,0
2917,1610182066,1
2918,1610182072,0
2919,1610182076,1
2920,1610182091,0
2921,1610182095,1
2922,1610182103,0
2923,1610182108,1
2924,1610182112,0
2925,1610182129,1
2926,1610182135,0
2927,1610182147,1
2928,1610182167,0
2929,1610182171,1
2930,1610182203,0
2931,1610182205,1
2932,1610182209,0
2933,1610182227,1
2934,1610182231,0
2935,1610182250,1
2936,1610182268,0
2937,1610182278,1
2938,1610182282,0
2939,1610182285,1
2940,1610182293,0
2941,1610182294,1
2942,1610182306,0
2943,1610182318,1
2944,1610182329,0
2945,1610182332,1
2946,1610182335,0
2947,1610182336,1
2948,1610182339,0
2949,1610182341,1
2950,1610182352,0
2951,1610182393,1
2952,1610182398,0
2953,1610182429,1
2954,1610182432,0
2955,1610182458,1
2956,1610182461,0
2957,1610182462,1
2958,1610182468,0
2959,1610182481,1
2960,1610182486,0
2961,1610182487,1
2962,1610182500,0
2963,1610182502,1
2964,1610182505,0
2965,1610182515,1
2966,1610182519,0
2967,1610182521,1
2968,1610182538,0
2969,1610182544,1
2970,1610182548,0
2971,1610182548,1
2972,1610182559,0
2973,1610182563,1
2974,1610182571,0
2975,1610182572,1
2976,1610182579,0
2977,1610182580,1
2978,1610182585,0
2979,1610182593,1
2980,1610182608,0
2981,1610182616,1
2982,1610182627,0
2983,1610182632,1
2984,1610182639,0
2985,1610182645,1
2986,1610182653,0
2987,1610182655,1
2988,1610182666,0
2989,1610182668,1
2990,1610182671,0
2991,1610182672,1
2992,1610182684,0
2993,1610182685,1
2994,1610182693,0
2995,1610182717,1
2996,1610182723,0
2997,1610182784,1
2998,1610182786,0
2999,1610182824,1
3000,1610182829,0
3001,1610182832,1
3002,1610182842,0
3003,1610182845,1
3004,1610182854,0
3005,1610182855,1
3006,1610182861,0
3007,1610182862,1
3008,1610182868,0
3009,1610182872,1
3010,1610182876,0
3011,1610182883,1
3012,1610182889,0
3013,1610182896,1
3014,1610182899,0
3015,1610182914,1
3016,1610182924,0
3017,1610182942,1
3018,1610182952,0
3019,1610182956,1
3020,1610182964,0
3021,1610182965,1
3022,1610182970,0
3023,1610182971,1
3024,1610182979,0
3025,1610182980,1
3026,1610182984,0
3027,1610182995,1
3028,1610183000,0
3029,1610183021,1
3030,1610183031,0
3031,1610183034,1
3032,1610183040,0
3033,1610183066,1
3034,1610183073,0
3035,1610183079,1
3036,1610183083,0
3037,1610183140,1
3038,1610183148,0
3039,1610183150,1
3040,1610183156,0
3041,1610183157,1
3042,1610183161,0
3043,1610183162,1
3044,1610183169,0
3045,1610183171,1
3046,1610183199,0
3047,1610183206,1
3048,1610183217,0
3049,1610183218,1
3050,1610183231,0
3051,1610183233,1
3052,1610183240,0
3053,1610183246,1
3054,1610183263,0
3055,1610183267,1
3056,1610183276,0
3057,1610183276,1
3058,1610183280,0
3059,1610183309,1
3060,1610183313,0
3061,1610183315,1
3062,1610183321,0
3063,1610183322,1
3064,1610183328,0
3065,1610183334,1
3066,1610183337,0
3067,1610183340,1
3068,1610183353,0
3069,1610183357,1
3070,1610183363,0
3071,1610183384,1
3072,1610183388,0
3073,1610183393,1
3074,1610183400,0
3075,1610183400,1
3076,1610183405,0
3077,1610183406,1
3078,1610183410,0
3079,1610183425,1
3080,1610183431,0
3081,1610183434,1
3082,1610183440,0
3083,1610183452,1
3084,1610183470,0
3085,1610183472,1
3086,1610183477,0
3087,1610183484,1
3088,1610183486,0
3089,1610183499,1
3090,1610183504,0
3091,1610183532,1
3092,1610183536,0
3093,1610183543,1
3094,1610183547,0
3095,1610183549,1
3096,1610183552,0
3097,1610183560,1
3098,1610183564,0
3099,1610183567,1
3100,1610183575,0
3101,1610183580,1
3102,1610183584,0
3103,1610183680,1
3104,1610183689,0
3105,1610183690,1
3106,1610183699,0
3107,1610183710,1
3108,1610183714,0
3109,1610183726,1
3110,1610183740,0
3111,1610183742,1
3112,1610183745,0
3113,1610183759,1
3114,1610183767,0
3115,1610183768,1
3116,1610183772,0
3117,1610183781,1
3118,1610183795,0
3119,1610183876,1
3120,1610183882,0
3121,1610187139,1
3122,1610187144,0
3123,1610187150,1
3124,1610187155,0
3125,1610187184,1
3126,1610187188,0
3127,1610187202,1
3128,1610187206,0
3129,1610187228,1
3130,1610187234,0
3131,1610187262,1
3132,1610187267,0
3133,1610187276,1
3134,1610187286,0
3135,1610187328,1
3136,1610187331,0
3137,1610187360,1
3138,1610187369,0
3139,1610187386,1
3140,1610187408,0
3141,1610187412,1
3142,1610187418,0
3143,1610187437,1
3144,1610187443,0
3145,1610187456,1
3146,1610187463,0
3147,1610187464,1
3148,1610187472,0
3149,1610187479,1
3150,1610187492,0
3151,1610187529,1
3152,1610187533,0
3153,1610187548,1
3154,1610187552,0
3155,1610187554,1
3156,1610187557,0
3157,1610187579,1
3158,1610187600,0
3159,1610187606,1
3160,1610187615,0
3161,1610187624,1
3162,1610187629,0
3163,1610187631,1
3164,1610187636,0
3165,1610187638,1
3166,1610187650,0
3167,1610187669,1
3168,1610187673,0
3169,1610187675,1
3170,1610187681,0
3171,1610187690,1
3172,1610187695,0
3173,1610187700,1
3174,1610187704,0
3175,1610187704,1
3176,1610187722,0
3177,1610187731,1
3178,1610187735,0
3179,1610187748,1
3180,1610187751,0
3181,1610187753,1
3182,1610187758,0
3183,1610187775,1
3184,1610187778,0
3185,1610187986,1
3186,1610188016,0
3187,1610188044,1
3188,1610188052,0
3189,1610188054,1
3190,1610188110,0
3191,1610188111,1
3192,1610188117,0
3193,1610188121,1
3194,1610188125,0
3195,1610188134,1
3196,1610188144,0
3197,1610188148,1
3198,1610188154,0
3199,1610188156,1
3200,1610188161,0
3201,1610188199,1
3202,1610188202,0
3203,1610188203,1
3204,1610188208,0
3205,1610188214,1
3206,1610188234,0
3207,1610188237,1
3208,1610188245,0
3209,1610188251,1
3210,1610188262,0
3211,1610188265,1
3212,1610188269,0
3213,1610188289,1
3214,1610188295,0
3215,1610188297,1
3216,1610188302,0
3217,1610188309,1
3218,1610188315,0
3219,1610188332,1
3220,1610188336,0
3221,1610188336,1
3222,1610188346,0
3223,1610188357,1
3224,1610188378,0
3225,1610188379,1
3226,1610188386,0
3227,1610188403,1
3228,1610188411,0
3229,1610188422,1
3230,1610188434,0
3231,1610188434,1
3232,1610188438,0
3233,1610188439,1
3234,1610188444,0
3235,1610188444,1
3236,1610188447,0
3237,1610188457,1
3238,1610188475,0
3239,1610188488,1
3240,1610188505,0
3241,1610188508,1
3242,1610188519,0
3243,1610188524,1
3244,1610188527,0
3245,1610188531,1
3246,1610188537,0
3247,1610188544,1
3248,1610188547,0
3249,1610188549,1
3250,1610188553,0
3251,1610188556,1
3252,1610188562,0
3253,1610188569,1
3254,1610188572,0
3255,1610188573,1
3256,1610188602,0
3257,1610188606,1
3258,1610188615,0
3259,1610188616,1
3260,1610188619,0
3261,1610188625,1
3262,1610188650,0
3263,1610188654,1
3264,1610188667,0
3265,1610188670,1
3266,1610188687,0
3267,1610188692,1
3268,1610188707,0
3269,1610188712,1
3270,1610188725,0
3271,1610188727,1
3272,1610188733,0
3273,1610188736,1
3274,1610188741,0
3275,1610188745,1
3276,1610188751,0
3277,1610188789,1
3278,1610188795,0
3279,1610188836,1
3280,1610188848,0
3281,1610188985,1
3282,1610188997,0
3283,1610189096,1
3284,1610189103,0
3285,1610189662,1
3286,1610189647,0
3287,1610189779,1
3288,1610189783,0
3289,1610190595,1
3290,1610190605,0
3291,1610190605,1
3292,1610190610,0
3293,1610190636,1
3294,1610190640,0
3295,1610190680,1
3296,1610190687,0
3297,1610190689,1
3298,1610190696,0
3299,1610190697,1
3300,1610190705,0
3301,1610190707,1
3302,1610190719,0
3303,1610190725,1
3304,1610190739,0
3305,1610190742,1
3306,1610190747,0
3307,1610190753,1
3308,1610190757,0
3309,1610190761,1
3310,1610190772,0
3311,1610190774,1
3312,1610190778,0
3313,1610190799,1
3314,1610190811,0
3315,1610190826,1
3316,1610190834,0
3317,1610190841,1
3318,1610190853,0
3319,1610190859,1
3320,1610190867,0
3321,1610190887,1
3322,1610190892,0
3323,1610190894,1
3324,1610190897,0
3325,1610190930,1
3326,1610190932,0
3327,1610190933,1
3328,1610190936,0
3329,1610190937,1
3330,1610190942,0
3331,1610190966,1
3332,1610190970,0
3333,1610190971,1
3334,1610190976,0
3335,1610190976,1
3336,1610190985,0
3337,1610190992,1
3338,1610190996,0
3339,1610190999,1
3340,1610191012,0
3341,1610191012,1
3342,1610191016,0
3343,1610191027,1
3344,1610191033,0
3345,1610191036,1
3346,1610191051,0
3347,1610191057,1
3348,1610191074,0
3349,1610191081,1
3350,1610191084,0
3351,1610191086,1
3352,1610191096,0
3353,1610191104,1
3354,1610191108,0
3355,1610191135,1
3356,1610191139,0
3357,1610191139,1
3358,1610191148,0
3359,1610191149,1
3360,1610191158,0
3361,1610191162,1
3362,1610191180,0
3363,1610191184,1
3364,1610191187,0
3365,1610191198,1
3366,1610191203,0
3367,1610191206,1
3368,1610191211,0
3369,1610191211,1
3370,1610191216,0
3371,1610191227,1
3372,1610191232,0
3373,1610191236,1
3374,1610191239,0
3375,1610191245,1
3376,1610191250,0
3377,1610191251,1
3378,1610191255,0
3379,1610191264,1
3380,1610191269,0
3381,1610191270,1
3382,1610191283,0
3383,1610191285,1
3384,1610191319,0
3385,1610191337,1
3386,1610191341,0
3387,1610191347,1
3388,1610191353,0
3389,1610191369,1
3390,1610191373,0
3391,1610191382,1
3392,1610191386,0
3393,1610191395,1
3394,1610191411,0
3395,1610191412,1
3396,1610191416,0
3397,1610191420,1
3398,1610191438,0
3399,1610191458,1
3400,1610191480,0
3401,1610191485,1
3402,1610191493,0
3403,1610191506,1
3404,1610191514,0
3405,1610191518,1
3406,1610191524,0
3407,1610191534,1
3408,1610191554,0
3409,1610191555,1
3410,1610191573,0
3411,1610191574,1
3412,1610191581,0
3413,1610191582,1
3414,1610191586,0
3415,1610191592,1
3416,1610191596,0
3417,1610191601,1
3418,1610191614,0
3419,1610191624,1
3420,1610191629,0
3421,1610191656,1
3422,1610191665,0
3423,1610191675,1
3424,1610191679,0
3425,1610191679,1
3426,1610191685,0
3427,1610191699,1
3428,1610191708,0
3429,1610191709,1
3430,1610191746,0
3431,1610191755,1
3432,1610191757,0
3433,1610191774,1
3434,1610191791,0
3435,1610191804,1
3436,1610191809,0
3437,1610191810,1
3438,1610191824,0
3439,1610191826,1
3440,1610191829,0
3441,1610191830,1
3442,1610191834,0
3443,1610191845,1
3444,1610191849,0
3445,1610191852,1
3446,1610191855,0
3447,1610191861,1
3448,1610191865,0
3449,1610191869,1
3450,1610191876,0
3451,1610191883,1
3452,1610191886,0
3453,1610191887,1
3454,1610191893,0
3455,1610191898,1
3456,1610191904,0
3457,1610191910,1
3458,1610191913,0
3459,1610191919,1
3460,1610191930,0
3461,1610191931,1
3462,1610191939,0
3463,1610191951,1
3464,1610191959,0
3465,1610191962,1
3466,1610191967,0
3467,1610191968,1
3468,1610191977,0
3469,1610191978,1
3470,1610191986,0
3471,1610191995,1
3472,1610192017,0
3473,1610192021,1
3474,1610192050,0
3475,1610192051,1
3476,1610192055,0
3477,1610192057,1
3478,1610192066,0
3479,1610192066,1
3480,1610192077,0
3481,1610192080,1
3482,1610192088,0
3483,1610192089,1
3484,1610192094,0
3485,1610192098,1
3486,1610192102,0
3487,1610192110,1
3488,1610192118,0
3489,1610192118,1
3490,1610192136,0
3491,1610192139,1
3492,1610192143,0
3493,1610192161,1
3494,1610192168,0
3495,1610192169,1
3496,1610192173,0
3497,1610192187,1
3498,1610192196,0
3499,1610192199,1
3500,1610192205,0
3501,1610192206,1
3502,1610192210,0
3503,1610192216,1
3504,1610192225,0
3505,1610192240,1
3506,1610192243,0
3507,1610192255,1
3508,1610192271,0
3509,1610192376,1
3510,1610192378,0
3511,1610192402,1
3512,1610192406,0
3513,1610192469,1
3514,1610192496,0
3515,1610192497,1
3516,1610192508,0
3517,1610192515,1
3518,1610192524,0
3519,1610192530,1
3520,1610192540,0
3521,1610192541,1
3522,1610192545,0
3523,1610192550,1
3524,1610192553,0
3525,1610192554,1
3526,1610192559,0
3527,1610192578,1
3528,1610192582,0
3529,1610192585,1
3530,1610192590,0
3531,1610192591,1
3532,1610192595,0
3533,1610192597,1
3534,1610192613,0
3535,1610192615,1
3536,1610192620,0
3537,1610192636,1
3538,1610192663,0
3539,1610192664,1
3540,1610192679,0
3541,1610192680,1
3542,1610192684,0
3543,1610192686,1
3544,1610192688,0
3545,1610192701,1
3546,1610192707,0
3547,1610192816,1
3548,1610192819,0
3549,1610192830,1
3550,1610192834,0
3551,1610192834,1
3552,1610192839,0
3553,1610192843,1
3554,1610192849,0
3555,1610192856,1
3556,1610192874,0
3557,1610192876,1
3558,1610192887,0
3559,1610192896,1
3560,1610192903,0
3561,1610192905,1
3562,1610192908,0
3563,1610192920,1
3564,1610192930,0
3565,1610192931,1
3566,1610192935,0
3567,1610192943,1
3568,1610192954,0
3569,1610192973,1
3570,1610192978,0
3571,1610192985,1
3572,1610192987,0
3573,1610193017,1
3574,1610193021,0
3575,1610193046,1
3576,1610193059,0
3577,1610193061,1
3578,1610193068,0
3579,1610193069,1
3580,1610193079,0
3581,1610193083,1
3582,1610193088,0
3583,1610193090,1
3584,1610193093,0
3585,1610193099,1
3586,1610193103,0
3587,1610193113,1
3588,1610193116,0
3589,1610193136,1
3590,1610193139,0
3591,1610193164,1
3592,1610193172,0
3593,1610193186,1
3594,1610193203,0
3595,1610193204,1
3596,1610193238,0
3597,1610193250,1
3598,1610193255,0
3599,1610193271,1
3600,1610193286,0
3601,1610193288,1
3602,1610193291,0
3603,1610193293,1
3604,1610193298,0
3605,1610193302,1
3606,1610193314,0
3607,1610193318,1
3608,1610193322,0
3609,1610193355,1
3610,1610193360,0
3611,1610193360,1
3612,1610193365,0
3613,1610193376,1
3614,1610193382,0
3615,1610193389,1
3616,1610193404,0
3617,1610193403,1
3618,1610193416,0
3619,1610193417,1
3620,1610193424,0
3621,1610193424,1
3622,1610193429,0
3623,1610193432,1
3624,1610193442,0
3625,1610193443,1
3626,1610193449,0
3627,1610193454,1
3628,1610193463,0
3629,1610193464,1
3630,1610193473,0
3631,1610193474,1
3632,1610193498,0
3633,1610193498,1
3634,1610193502,0
3635,1610193503,1
3636,1610193509,0
3637,1610193522,1
3638,1610193536,0
3639,1610193542,1
3640,1610193561,0
3641,1610193570,1
3642,1610193576,0
3643,1610193584,1
3644,1610193589,0
3645,1610193590,1
3646,1610193595,0
3647,1610193595,1
3648,1610193609,0
3649,1610193660,1
3650,1610193665,0
3651,1610193719,1
3652,1610193739,0
3653,1610193742,1
3654,1610193749,0
3655,1610193767,1
3656,1610193775,0
3657,1610193789,1
3658,1610193792,0
3659,1610193799,1
3660,1610193805,0
3661,1610193844,1
3662,1610193847,0
3663,1610193853,1
3664,1610193863,0
3665,1610193883,1
3666,1610193890,0
3667,1610193904,1
3668,1610193907,0
3669,1610193912,1
3670,1610193913,0
3671,1610193914,1
3672,1610193917,0
3673,1610193974,1
3674,1610193983,0
3675,1610193984,1
3676,1610193988,0
3677,1610193992,1
3678,1610194000,0
3679,1610194016,1
3680,1610194020,0
3681,1610194027,1
3682,1610194043,0
3683,1610194065,1
3684,1610194071,0
3685,1610194095,1
3686,1610194101,0
3687,1610194129,1
3688,1610194133,0
3689,1610194156,1
3690,1610194181,0
3691,1610194183,1
3692,1610194188,0
3693,1610194189,1
3694,1610194196,0
3695,1610194198,1
3696,1610194206,0
3697,1610194208,1
3698,1610194223,0
3699,1610194225,1
3700,1610194247,0
3701,1610194256,1
3702,1610194267,0
3703,1610194294,1
3704,1610194298,0
3705,1610194307,1
3706,1610194314,0
3707,1610194344,1
3708,1610194350,0
3709,1610194355,1
3710,1610194364,0
3711,1610194370,1
3712,1610194373,0
3713,1610194377,1
3714,1610194380,0
3715,1610194384,1
3716,1610194387,0
3717,1610194411,1
3718,1610194419,0
3719,1610194431,1
3720,1610194434,0
3721,1610194434,1
3722,1610194438,0
3723,1610194466,1
3724,1610194469,0
3725,1610194476,1
3726,1610194483,0
3727,1610194491,1
3728,1610194495,0
3729,1610194501,1
3730,1610194504,0
3731,1610194508,1
3732,1610194512,0
3733,1610194532,1
3734,1610194541,0
3735,1610194560,1
3736,1610194566,0
3737,1610194618,1
3738,1610194623,0
3739,1610194629,1
3740,1610194634,0
3741,1610194636,1
3742,1610194639,0
3743,1610194724,1
3744,1610194727,0
3745,1610194736,1
3746,1610194744,0
3747,1610194752,1
3748,1610194784,0
3749,1610194786,1
3750,1610194789,0
3751,1610194846,1
3752,1610194855,0
3753,1610194859,1
3754,1610194865,0
3755,1610194871,1
3756,1610194877,0
3757,1610194933,1
3758,1610194941,0
3759,1610194946,1
3760,1610194953,0
3761,1610194979,1
3762,1610194988,0
3763,1610195013,1
3764,1610195026,0
3765,1610195030,1
3766,1610195034,0
3767,1610195055,1
3768,1610195063,0
3769,1610195074,1
3770,1610195081,0
3771,1610195105,1
3772,1610195110,0
3773,1610195113,1
3774,1610195119,0
3775,1610195123,1
3776,1610195127,0
3777,1610195128,1
3778,1610195131,0
3779,1610195176,1
3780,1610195182,0
3781,1610195185,1
3782,1610195190,0
3783,1610195195,1
3784,1610195200,0
3785,1610195202,1
3786,1610195205,0
3787,1610195209,1
3788,1610195215,0
3789,1610195222,1
3790,1610195226,0
3791,1610195232,1
3792,1610195235,0
3793,1610195243,1
3794,1610195248,0
3795,1610195251,1
3796,1610195256,0
3797,1610195256,1
3798,1610195274,0
3799,1610195281,1
3800,1610195300,0
3801,1610195312,1
3802,1610195324,0
3803,1610195325,1
3804,1610195334,0
3805,1610195346,1
3806,1610195350,0
3807,1610195355,1
3808,1610195357,0
3809,1610195379,1
3810,1610195382,0
3811,1610195473,1
3812,1610195481,0
3813,1610195499,1
3814,1610195507,0
3815,1610195656,1
3816,1610195660,0
3817,1610196493,1
3818,1610196503,0
3819,1610196506,1
3820,1610196510,0
3821,1610196543,1
3822,1610196545,0
3823,1610196547,1
3824,1610196550,0
3825,1610196551,1
3826,1610196555,0
3827,1610196624,1
3828,1610196627,0
3829,1610196642,1
3830,1610196648,0
3831,1610196856,1
3832,1610196858,0
3833,1610196867,1
3834,1610196874,0
3835,1610196893,1
3836,1610196924,0
3837,1610196928,1
3838,1610196932,0
3839,1610196935,1
3840,1610196972,0
3841,1610197144,1
3842,1610197163,0
3843,1610197164,1
3844,1610197168,0
3845,1610197382,1
3846,1610197386,0
3847,1610197713,1
3848,1610197717,0
3849,1610197730,1
3850,1610197733,0
3851,1610197735,1
3852,1610197738,0
3853,1610197738,1
3854,1610197743,0
3855,1610197934,1
3856,1610197940,0
3857,1610197987,1
3858,1610197993,0
3859,1610198032,1
3860,1610198036,0
3861,1610198062,1
3862,1610198065,0
3863,1610198095,1
3864,1610198098,0
3865,1610198209,1
3866,1610198212,0
3867,1610198303,1
3868,1610198318,0
3869,1610198318,1
3870,1610198327,0
3871,1610198340,1
3872,1610198348,0
3873,1610198382,1
3874,1610198391,0
3875,1610198418,1
3876,1610198422,0
3877,1610198429,1
3878,1610198433,0
3879,1610198474,1
3880,1610198477,0
3881,1610198498,1
3882,1610198502,0
3883,1610198522,1
3884,1610198534,0
3885,1610198537,1
3886,1610198542,0
3887,1610198597,1
3888,1610198601,0
3889,1610198615,1
3890,1610198620,0
3891,1610198718,1
3892,1610198722,0
3893,1610198731,1
3894,1610198736,0
3895,1610198771,1
3896,1610198775,0
3897,1610198821,1
3898,1610198824,0
3899,1610198824,1
3900,1610198831,0
3901,1610198833,1
3902,1610198836,0
3903,1610198842,1
3904,1610198846,0
3905,1610198860,1
3906,1610198869,0
3907,1610198879,1
3908,1610198881,0
3909,1610198930,1
3910,1610198935,0
3911,1610198940,1
3912,1610198945,0
3913,1610198978,1
3914,1610198981,0
3915,1610199017,1
3916,1610199024,0
3917,1610199029,1
3918,1610199033,0
3919,1610199040,1
3920,1610199046,0
3921,1610199047,1
3922,1610199052,0
3923,1610199053,1
3924,1610199064,0
3925,1610199068,1
3926,1610199073,0
3927,1610199091,1
3928,1610199096,0
3929,1610199182,1
3930,1610199188,0
3931,1610199256,1
3932,1610199259,0
3933,1610199296,1
3934,1610199301,0
3935,1610199307,1
3936,1610199311,0
3937,1610199312,1
3938,1610199316,0
3939,1610199324,1
3940,1610199331,0
3941,1610199349,1
3942,1610199354,0
3943,1610199453,1
3944,1610199458,0
3945,1610199477,1
3946,1610199481,0
3947,1610199510,1
3948,1610199514,0
3949,1610199514,1
3950,1610199524,0
3951,1610199525,1
3952,1610199534,0
3953,1610199534,1
3954,1610199547,0
3955,1610199548,1
3956,1610199561,0
3957,1610199562,1
3958,1610199566,0
3959,1610199567,1
3960,1610199571,0
3961,1610199575,1
3962,1610199579,0
3963,1610199583,1
3964,1610199586,0
3965,1610199600,1
3966,1610199604,0
3967,1610199608,1
3968,1610199612,0
3969,1610199615,1
3970,1610199621,0
3971,1610199623,1
3972,1610199629,0
3973,1610199634,1
3974,1610199639,0
3975,1610199640,1
3976,1610199646,0
3977,1610199648,1
3978,1610199651,0
3979,1610199786,1
3980,1610199789,0
3981,1610199809,1
3982,1610199812,0
3983,1610199820,1
3984,1610199824,0
3985,1610199825,1
3986,1610199832,0
3987,1610199832,1
3988,1610199842,0
3989,1610199842,1
3990,1610199851,0
3991,1610199879,1
3992,1610199882,0
3993,1610199883,1
3994,1610199887,0
3995,1610199888,1
3996,1610199924,0
3997,1610199929,1
3998,1610199937,0
3999,1610199955,1
4000,1610199960,0
4001,1610199977,1
4002,1610200017,0
4003,1610200018,1
4004,1610200029,0
4005,1610200030,1
4006,1610200037,0
4007,1610200059,1
4008,1610200064,0
4009,1610200064,1
4010,1610200075,0
4011,1610200082,1
4012,1610200085,0
4013,1610200087,1
4014,1610200093,0
4015,1610200093,1
4016,1610200098,0
4017,1610200126,1
4018,1610200131,0
4019,1610200133,1
4020,1610200136,0
4021,1610200147,1
4022,1610200153,0
4023,1610200163,1
4024,1610200166,0
4025,1610200171,1
4026,1610200178,0
4027,1610200224,1
4028,1610200232,0
4029,1610200259,1
4030,1610200262,0
4031,1610200816,1
4032,1610200821,0
4033,1610200917,1
4034,1610200920,0
4035,1610201001,1
4036,1610201004,0
4037,1610201155,1
4038,1610201158,0
4039,1610201189,1
4040,1610201195,0
4041,1610201305,1
4042,1610201317,0
4043,1610201325,1
4044,1610201330,0
4045,1610201412,1
4046,1610201416,0
4047,1610201424,1
4048,1610201431,0
4049,1610201436,1
4050,1610201441,0
4051,1610201480,1
4052,1610201492,0
4053,1610201493,1
4054,1610201497,0
4055,1610201501,1
4056,1610201505,0
4057,1610201512,1
4058,1610201515,0
4059,1610201524,1
4060,1610201527,0
4061,1610201786,1
4062,1610201790,0
4063,1610201993,1
4064,1610201997,0
4065,1610202139,1
4066,1610202143,0
4067,1610202167,1
4068,1610202171,0
4069,1610202515,1
4070,1610202518,0
4071,1610202686,1
4072,1610202691,0
4073,1610202886,1
4074,1610202890,0
4075,1610202946,1
4076,1610202949,0
4077,1610203090,1
4078,1610203092,0
4079,1610203148,1
4080,1610203163,0
4081,1610203181,1
4082,1610203185,0
4083,1610203207,1
4084,1610203211,0
4085,1610203232,1
4086,1610203236,0
4087,1610203239,1
4088,1610203246,0
4089,1610203258,1
4090,1610203261,0
4091,1610203262,1
4092,1610203281,0
4093,1610203281,1
4094,1610203298,0
4095,1610203298,1
4096,1610203310,0
4097,1610203310,1
4098,1610203318,0
4099,1610203320,1
4100,1610203325,0
4101,1610203327,1
4102,1610203332,0
4103,1610203333,1
4104,1610203342,0
4105,1610203344,1
4106,1610203368,0
4107,1610203370,1
4108,1610203373,0
4109,1610203377,1
4110,1610203393,0
4111,1610203395,1
4112,1610203398,0
4113,1610203398,1
4114,1610203422,0
4115,1610203423,1
4116,1610203433,0
4117,1610203434,1
4118,1610203443,0
4119,1610203444,1
4120,1610203450,0
4121,1610203458,1
4122,1610203461,0
4123,1610203461,1
4124,1610203466,0
4125,1610203467,1
4126,1610203475,0
4127,1610203476,1
4128,1610203485,0
4129,1610203486,1
4130,1610203495,0
4131,1610203497,1
4132,1610203506,0
4133,1610203507,1
4134,1610203519,0
4135,1610203520,1
4136,1610203526,0
4137,1610203526,1
4138,1610203533,0
4139,1610203534,1
4140,1610203541,0
4141,1610203542,1
4142,1610203551,0
4143,1610203555,1
4144,1610203561,0
4145,1610203562,1
4146,1610203575,0
4147,1610203576,1
4148,1610203580,0
4149,1610203581,1
4150,1610203585,0
4151,1610203586,1
4152,1610203590,0
4153,1610203592,1
4154,1610203598,0
4155,1610203601,1
4156,1610203620,0
4157,1610203623,1
4158,1610203627,0
4159,1610203635,1
4160,1610203637,0
4161,1610203639,1
4162,1610203643,0
4163,1610203643,1
4164,1610203662,0
4165,1610203665,1
4166,1610203679,0
4167,1610203681,1
4168,1610203689,0
4169,1610203692,1
4170,1610203694,0
4171,1610203696,1
4172,1610203699,0
4173,1610203701,1
4174,1610203707,0
4175,1610203708,1
4176,1610203712,0
4177,1610203715,1
4178,1610203719,0
4179,1610203721,1
4180,1610203727,0
4181,1610203727,1
4182,1610203739,0
4183,1610203753,1
4184,1610203756,0
4185,1610203758,1
4186,1610203766,0
4187,1610203768,1
4188,1610203771,0
4189,1610203772,1
4190,1610203781,0
4191,1610203781,1
4192,1610203788,0
4193,1610203797,1
4194,1610203801,0
4195,1610203844,1
4196,1610203849,0
4197,1610203868,1
4198,1610203871,0
4199,1610203873,1
4200,1610203881,0
4201,1610203882,1
4202,1610203903,0
4203,1610203904,1
4204,1610203920,0
4205,1610203927,1
4206,1610203930,0
4207,1610203933,1
4208,1610203962,0
4209,1610203972,1
4210,1610203975,0
4211,1610203983,1
4212,1610203987,0
4213,1610204027,1
4214,1610204031,0
4215,1610204080,1
4216,1610204084,0
4217,1610204158,1
4218,1610204160,0
4219,1610204164,1
4220,1610204168,0
4221,1610204169,1
4222,1610204176,0
4223,1610204176,1
4224,1610204181,0
4225,1610205143,1
4226,1610205149,0
4227,1610205150,1
4228,1610205164,0
4229,1610205300,1
4230,1610205304,0
4231,1610205323,1
4232,1610205327,0
4233,1610205428,1
4234,1610205431,0
4235,1610205432,1
4236,1610205446,0
4237,1610205447,1
4238,1610205451,0
4239,1610205485,1
4240,1610205489,0
4241,1610205597,1
4242,1610205606,0
4243,1610205606,1
4244,1610205620,0
4245,1610205621,1
4246,1610205645,0
4247,1610205646,1
4248,1610205663,0
4249,1610205663,1
4250,1610205675,0
4251,1610205710,1
4252,1610205713,0
4253,1610205866,1
4254,1610205870,0
4255,1610205880,1
4256,1610205882,0
4257,1610205975,1
4258,1610205979,0
4259,1610205981,1
4260,1610205984,0
4261,1610206018,1
4262,1610206022,0
4263,1610206025,1
4264,1610206029,0
4265,1610206044,1
4266,1610206047,0
4267,1610206068,1
4268,1610206072,0
4269,1610206073,1
4270,1610206090,0
4271,1610206412,1
4272,1610206416,0
4273,1610206576,1
4274,1610206579,0
4275,1610206932,1
4276,1610206939,0
4277,1610206944,1
4278,1610206947,0
4279,1610207015,1
4280,1610207019,0
4281,1610207098,1
4282,1610207102,0
4283,1610207117,1
4284,1610207121,0
4285,1610207135,1
4286,1610207140,0
4287,1610207151,1
4288,1610207156,0
4289,1610207227,1
4290,1610207231,0
4291,1610207237,1
4292,1610207243,0
4293,1610207247,1
4294,1610207251,0
4295,1610207263,1
4296,1610207268,0
4297,1610207270,1
4298,1610207273,0
4299,1610207289,1
4300,1610207293,0
4301,1610207324,1
4302,1610207332,0
4303,1610207339,1
4304,1610207349,0
4305,1610207361,1
4306,1610207364,0
4307,1610207376,1
4308,1610207380,0
4309,1610207396,1
4310,1610207401,0
4311,1610207428,1
4312,1610207437,0
4313,1610207437,1
4314,1610207444,0
4315,1610207455,1
4316,1610207459,0
4317,1610207465,1
4318,1610207470,0
4319,1610207473,1
4320,1610207478,0
4321,1610207497,1
4322,1610207501,0
4323,1610207505,1
4324,1610207508,0
4325,1610207520,1
4326,1610207523,0
4327,1610207630,1
4328,1610207633,0
4329,1610207633,1
4330,1610207641,0
4331,1610207643,1
4332,1610207647,0
4333,1610207726,1
4334,1610207731,0
4335,1610207733,1
4336,1610207739,0
4337,1610207794,1
4338,1610207797,0
4339,1610207852,1
4340,1610207855,0
4341,1610207883,1
4342,1610207887,0
4343,1610207923,1
4344,1610207929,0
4345,1610208070,1
4346,1610208080,0
4347,1610208147,1
4348,1610208151,0
4349,1610208298,1
4350,1610208301,0
4351,1610208315,1
4352,1610208320,0
4353,1610208336,1
4354,1610208339,0
4355,1610208351,1
4356,1610208367,0
4357,1610208379,1
4358,1610208402,0
4359,1610208405,1
4360,1610208413,0
4361,1610208418,1
4362,1610208424,0
4363,1610208427,1
4364,1610208431,0
4365,1610208432,1
4366,1610208443,0
4367,1610208465,1
4368,1610208470,0
4369,1610208484,1
4370,1610208491,0
4371,1610208493,1
4372,1610208495,0
4373,1610208497,1
4374,1610208500,0
4375,1610208506,1
4376,1610208509,0
4377,1610208512,1
4378,1610208514,0
4379,1610208521,1
4380,1610208530,0
4381,1610208533,1
4382,1610208544,0
4383,1610208548,1
4384,1610208552,0
4385,1610208565,1
4386,1610208572,0
4387,1610208601,1
4388,1610208605,0
4389,1610208610,1
4390,1610208625,0
4391,1610208635,1
4392,1610208642,0
4393,1610208649,1
4394,1610208653,0
4395,1610208656,1
4396,1610208660,0
4397,1610208697,1
4398,1610208707,0
4399,1610208709,1
4400,1610208712,0
4401,1610208723,1
4402,1610208727,0
4403,1610208732,1
4404,1610208735,0
4405,1610208745,1
4406,1610208750,0
4407,1610208753,1
4408,1610208766,0
4409,1610208774,1
4410,1610208779,0
4411,1610208784,1
4412,1610208788,0
4413,1610208797,1
4414,1610208802,0
4415,1610208814,1
4416,1610208825,0
4417,1610208831,1
4418,1610208841,0
4419,1610208850,1
4420,1610208857,0
4421,1610208858,1
4422,1610208874,0
4423,1610208884,1
4424,1610208898,0
4425,1610208907,1
4426,1610208913,0
4427,1610208918,1
4428,1610208923,0
4429,1610208979,1
4430,1610209006,0
4431,1610209011,1
4432,1610209017,0
4433,1610209026,1
4434,1610209029,0
4435,1610209030,1
4436,1610209038,0
4437,1610209039,1
4438,1610209046,0
4439,1610209046,1
4440,1610209054,0
4441,1610209063,1
4442,1610209070,0
4443,1610209082,1
4444,1610209090,0
4445,1610209120,1
4446,1610209125,0
4447,1610209128,1
4448,1610209146,0
4449,1610209148,1
4450,1610209152,0
4451,1610209156,1
4452,1610209160,0
4453,1610209162,1
4454,1610209166,0
4455,1610209167,1
4456,1610209177,0
4457,1610209177,1
4458,1610209188,0
4459,1610209189,1
4460,1610209193,0
4461,1610209194,1
4462,1610209204,0
4463,1610209228,1
4464,1610209234,0
4465,1610209238,1
4466,1610209243,0
4467,1610209244,1
4468,1610209250,0
4469,1610209267,1
4470,1610209287,0
4471,1610209300,1
4472,1610209302,0
4473,1610209302,1
4474,1610209305,0
4475,1610209313,1
4476,1610209319,0
4477,1610209323,1
4478,1610209326,0
4479,1610209338,1
4480,1610209341,0
4481,1610209343,1
4482,1610209347,0
4483,1610209347,1
4484,1610209364,0
4485,1610209366,1
4486,1610209405,0
4487,1610209406,1
4488,1610209421,0
4489,1610209426,1
4490,1610209437,0
4491,1610209451,1
4492,1610209460,0
4493,1610209471,1
4494,1610209475,0
4495,1610209476,1
4496,1610209480,0
4497,1610209491,1
4498,1610209500,0
4499,1610209505,1
4500,1610209508,0
4501,1610209509,1
4502,1610209518,0
4503,1610209518,1
4504,1610209524,0
4505,1610209525,1
4506,1610209529,0
4507,1610209532,1
4508,1610209539,0
4509,1610209539,1
4510,1610209547,0
4511,1610209548,1
4512,1610209553,0
4513,1610209555,1
4514,1610209563,0
4515,1610209575,1
4516,1610209585,0
4517,1610209591,1
4518,1610209595,0
4519,1610209605,1
4520,1610209622,0
4521,1610209641,1
4522,1610209645,0
4523,1610209646,1
4524,1610209671,0
4525,1610209672,1
4526,1610209704,0
4527,1610209704,1
4528,1610209726,0
4529,1610209727,1
4530,1610209756,0
4531,1610209757,1
4532,1610209782,0
4533,1610209785,1
4534,1610209791,0
4535,1610209793,1
4536,1610209799,0
4537,1610209800,1
4538,1610209804,0
4539,1610209809,1
4540,1610209820,0
4541,1610209830,1
4542,1610209833,0
4543,1610209868,1
4544,1610209872,0
4545,1610209873,1
4546,1610209877,0
4547,1610209877,1
4548,1610209882,0
4549,1610209893,1
4550,1610209906,0
4551,1610209930,1
4552,1610209934,0
4553,1610209979,1
4554,1610209982,0
4555,1610209991,1
4556,1610209996,0
4557,1610210024,1
4558,1610210030,0
4559,1610210031,1
4560,1610210035,0
4561,1610210041,1
4562,1610210047,0
4563,1610210049,1
4564,1610210055,0
4565,1610210057,1
4566,1610210061,0
4567,1610210063,1
4568,1610210069,0
4569,1610210076,1
4570,1610210099,0
4571,1610210101,1
4572,1610210106,0
4573,1610210109,1
4574,1610210114,0
4575,1610210189,1
4576,1610210193,0
4577,1610210208,1
4578,1610210210,0
4579,1610210281,1
4580,1610210298,0
4581,1610210341,1
4582,1610210350,0
4583,1610210354,1
4584,1610210356,0
4585,1610210358,1
4586,1610210362,0
4587,1610210384,1
4588,1610210387,0
4589,1610210404,1
4590,1610210409,0
4591,1610210419,1
4592,1610210423,0
4593,1610210425,1
4594,1610210443,0
4595,1610210459,1
4596,1610210470,0
4597,1610210475,1
4598,1610210480,0
4599,1610210483,1
4600,1610210488,0
4601,1610210498,1
4602,1610210503,0
4603,1610210524,1
4604,1610210548,0
4605,1610210615,1
4606,1610210626,0
4607,1610210652,1
4608,1610210657,0
4609,1610210664,1
4610,1610210669,0
4611,1610210672,1
4612,1610210684,0
4613,1610210685,1
4614,1610210690,0
4615,1610210698,1
4616,1610210705,0
4617,1610210722,1
4618,1610210732,0
4619,1610210735,1
4620,1610210739,0
4621,1610210746,1
4622,1610210751,0
4623,1610210800,1
4624,1610210804,0
4625,1610210828,1
4626,1610210830,0
4627,1610210856,1
4628,1610210858,0
4629,1610210859,1
4630,1610210863,0
4631,1610210879,1
4632,1610210885,0
4633,1610210889,1
4634,1610210900,0
4635,1610210901,1
4636,1610210907,0
4637,1610210923,1
4638,1610210955,0
4639,1610210965,1
4640,1610210971,0
4641,1610210972,1
4642,1610210987,0
4643,1610210990,1
4644,1610211002,0
4645,1610211012,1
4646,1610211022,0
4647,1610211024,1
4648,1610211053,0
4649,1610211054,1
4650,1610211073,0
4651,1610211074,1
4652,1610211078,0
4653,1610211079,1
4654,1610211091,0
4655,1610211136,1
4656,1610211138,0
4657,1610211250,1
4658,1610211253,0
4659,1610211253,1
4660,1610211263,0
4661,1610211268,1
4662,1610211287,0
4663,1610211290,1
4664,1610211295,0
4665,1610211304,1
4666,1610211319,0
4667,1610211332,1
4668,1610211340,0
4669,1610211342,1
4670,1610211374,0
4671,1610211397,1
4672,1610211402,0
4673,1610211404,1
4674,1610211415,0
4675,1610211417,1
4676,1610211425,0
4677,1610211429,1
4678,1610211442,0
4679,1610211446,1
4680,1610211449,0
4681,1610211454,1
4682,1610211459,0
4683,1610211483,1
4684,1610211488,0
4685,1610211488,1
4686,1610211493,0
4687,1610211503,1
4688,1610211510,0
4689,1610211516,1
4690,1610211520,0
4691,1610211524,1
4692,1610211529,0
4693,1610211530,1
4694,1610211541,0
4695,1610211544,1
4696,1610211547,0
4697,1610211557,1
4698,1610211556,0
4699,1610211567,1
4700,1610211584,0
4701,1610211588,1
4702,1610211591,0
4703,1610211593,1
4704,1610211601,0
4705,1610211613,1
4706,1610211618,0
4707,1610211622,1
4708,1610211641,0
4709,1610211649,1
4710,1610211653,0
4711,1610211660,1
4712,1610211665,0
4713,1610211746,1
4714,1610211763,0
4715,1610211846,1
4716,1610211851,0
4717,1610211857,1
4718,1610211870,0
4719,1610211871,1
4720,1610211882,0
4721,1610211886,1
4722,1610211889,0
4723,1610211892,1
4724,1610211904,0
4725,1610211905,1
4726,1610211909,0
4727,1610211916,1
4728,1610211923,0
4729,1610211933,1
4730,1610211936,0
4731,1610211962,1
4732,1610211968,0
4733,1610211971,1
4734,1610211975,0
4735,1610211998,1
4736,1610212002,0
4737,1610212011,1
4738,1610212013,0
4739,1610212020,1
4740,1610212024,0
4741,1610212025,1
4742,1610212029,0
4743,1610212030,1
4744,1610212039,0
4745,1610212044,1
4746,1610212047,0
4747,1610212047,1
4748,1610212065,0
4749,1610212068,1
4750,1610212090,0
4751,1610212101,1
4752,1610212105,0
4753,1610212106,1
4754,1610212110,0
4755,1610212136,1
4756,1610212138,0
4757,1610212155,1
4758,1610212158,0
4759,1610212184,1
4760,1610212189,0
4761,1610212212,1
4762,1610212229,0
4763,1610212234,1
4764,1610212248,0
4765,1610212256,1
4766,1610212266,0
4767,1610212271,1
4768,1610212274,0
4769,1610212282,1
4770,1610212287,0
4771,1610212288,1
4772,1610212293,0
4773,1610212300,1
4774,1610212303,0
4775,1610212305,1
4776,1610212309,0
4777,1610212323,1
4778,1610212328,0
4779,1610212343,1
4780,1610212349,0
4781,1610212682,1
4782,1610212687,0
4783,1610212689,1
4784,1610212694,0
4785,1610214399,1
4786,1610214404,0
4787,1610214406,1
4788,1610214428,0
4789,1610214428,1
4790,1610214435,0
4791,1610214445,1
4792,1610214450,0
4793,1610214452,1
4794,1610214458,0
4795,1610214460,1
4796,1610214467,0
4797,1610214472,1
4798,1610214476,0
4799,1610214476,1
4800,1610214493,0
4801,1610214496,1
4802,1610214512,0
4803,1610214555,1
4804,1610214564,0
4805,1610214614,1
4806,1610214616,0
4807,1610214629,1
4808,1610214634,0
4809,1610214651,1
4810,1610214660,0
4811,1610214663,1
4812,1610214673,0
4813,1610214673,1
4814,1610214710,0
4815,1610214717,1
4816,1610214725,0
4817,1610214753,1
4818,1610214759,0
4819,1610214761,1
4820,1610214767,0
4821,1610214768,1
4822,1610214772,0
4823,1610214817,1
4824,1610214820,0
4825,1610214830,1
4826,1610214836,0
4827,1610214844,1
4828,1610214848,0
4829,1610214856,1
4830,1610214862,0
4831,1610214864,1
4832,1610214873,0
4833,1610214897,1
4834,1610214918,0
4835,1610214921,1
4836,1610214924,0
4837,1610214929,1
4838,1610214936,0
4839,1610214958,1
4840,1610214963,0
4841,1610214974,1
4842,1610214977,0
4843,1610214986,1
4844,1610214995,0
4845,1610215006,1
4846,1610215016,0
4847,1610215022,1
4848,1610215028,0
4849,1610215031,1
4850,1610215039,0
4851,1610215058,1
4852,1610215063,0
4853,1610215077,1
4854,1610215081,0
4855,1610215103,1
4856,1610215105,0
4857,1610215120,1
4858,1610215123,0
4859,1610215179,1
4860,1610215187,0
4861,1610215218,1
4862,1610215223,0
4863,1610215236,1
4864,1610215241,0
4865,1610215243,1
4866,1610215247,0
4867,1610215251,1
4868,1610215260,0
4869,1610215270,1
4870,1610215277,0
4871,1610215278,1
4872,1610215281,0
4873,1610215282,1
4874,1610215285,0
4875,1610215298,1
4876,1610215301,0
4877,1610215319,1
4878,1610215330,0
4879,1610215338,1
4880,1610215342,0
4881,1610215345,1
4882,1610215350,0
4883,1610215377,1
4884,1610215385,0
4885,1610215388,1
4886,1610215391,0
4887,1610215391,1
4888,1610215406,0
4889,1610215426,1
4890,1610215439,0
4891,1610215444,1
4892,1610215449,0
4893,1610215454,1
4894,1610215459,0
4895,1610215472,1
4896,1610215486,0
4897,1610215489,1
4898,1610215497,0
4899,1610215500,1
4900,1610215506,0
4901,1610215516,1
4902,1610215519,0
4903,1610215533,1
4904,1610215551,0
4905,1610215568,1
4906,1610215574,0
4907,1610215623,1
4908,1610215626,0
4909,1610215649,1
4910,1610215652,0
4911,1610215653,1
4912,1610215657,0
4913,1610215659,1
4914,1610215667,0
4915,1610215679,1
4916,1610215684,0
4917,1610216176,1
4918,1610216182,0
4919,1610216187,1
4920,1610216201,0
4921,1610216320,1
4922,1610216331,0
4923,1610216332,1
4924,1610216336,0
4925,1610216440,1
4926,1610216445,0
4927,1610216603,1
4928,1610216609,0
4929,1610216611,1
4930,1610216618,0
4931,1610216619,1
4932,1610216624,0
4933,1610216644,1
4934,1610216649,0
4935,1610216929,1
4936,1610216936,0
4937,1610216936,1
4938,1610216940,0
4939,1610216942,1
4940,1610216945,0
4941,1610216995,1
4942,1610216998,0
4943,1610217182,1
4944,1610217186,0
4945,1610217194,1
4946,1610217199,0
4947,1610217200,1
4948,1610217205,0
4949,1610217246,1
4950,1610217251,0
4951,1610217257,1
4952,1610217263,0
4953,1610217355,1
4954,1610217360,0
4955,1610217509,1
4956,1610217543,0
4957,1610217544,1
4958,1610217548,0
4959,1610217561,1
